id,fecha,ticker,texto,etiqueta_consenso
t3_0141582,01/07/2021,AMC,"shorting $AMC here, fundamentals are trash",bear
t3_0053853,22/04/2021,GME,"GME is wild today, no idea where this goes",bull
t3_0078134,07/07/2021,GME,GME 🚀🚀 puts and calls and whatever idk,neu
t3_0069228,16/06/2021,GME,"$GME chart looks crazy, anyone else seeing this",bull
t3_0015359,25/01/2021,GME,"GME moving a lot, volume is insane rn",bull
t3_0082092,23/07/2021,GME,"sold all my $GME, taking profits before the dump",bear
t3_0135363,09/06/2021,AMC,$AMC going to zero... TO THE MOON 🚀 (im not selling),bull
t3_0077850,06/07/2021,GME,"$GME chart looks crazy, anyone else seeing this",neu
t3_0055282,29/04/2021,GME,"GME volume looks normal today, sideways action",neu
t3_0088754,24/08/2021,GME,diamond hands on GME? more like paper hands incoming,bear
t3_0094387,25/01/2021,AMC,"watching $AMC closely, could go either way 👀",bull
t3_0007587,19/01/2021,GME,"$GME again huh, this sub never sleeps",neu
t3_0102870,26/03/2021,AMC,$AMC to the moon 🚀 said the bagholder before the dump,bear
t3_0076510,01/07/2021,GME,"$GME going back to single digits, bearish af",bear
t3_0001708,12/01/2021,GME,lol GME just game me some tendies bro 😂,neu
t3_0056367,06/05/2021,GME,GME is trash but im holding anyway lmao 💎🙌,bull
t3_0078700,09/07/2021,GME,GME 🚀🚀 puts and calls and whatever idk,neu
t3_0052741,16/04/2021,GME,"$GME chart looks crazy, anyone else seeing this",bull
t3_0118720,04/06/2021,AMC,$AMC to the moon 🚀 said the bagholder before the dump,bear
t3_0061691,26/05/2021,GME,"$GME moon dump moon dump, pick one already",neu
t3_0106537,21/04/2021,AMC,$AMC going to zero... TO THE MOON 🚀 (im not selling),bull
t3_0028381,05/02/2021,GME,"holding a small GME position, watching for now",neu
t3_0086524,12/08/2021,GME,"$GME again huh, this sub never sleeps",neu
t3_0056720,06/05/2021,GME,GME is trash but im holding anyway lmao 💎🙌,bull
t3_0104602,05/04/2021,AMC,"watching $AMC closely, could go either way 👀",bear
t3_0045477,24/03/2021,GME,"everyone says sell GME, so obviously i bought more",bull
t3_0023910,29/01/2021,GME,"$GME chart looks crazy, anyone else seeing this",bull
t3_0000999,07/01/2021,GME,"sold all my $GME, taking profits before the dump",bear
t3_0071032,24/06/2021,GME,"GME is wild today, no idea where this goes",bear
t3_0015560,25/01/2021,GME,"buying more $GME calls, this short squeeze is just starting",bull
t3_0121772,07/06/2021,AMC,"BB big buy on everything, no ticker here",neu
t3_0043731,15/03/2021,GME,"neutral on GME, waiting for a clearer signal",neu
t3_0008557,22/01/2021,GME,GME is trash but im holding anyway lmao 💎🙌,bull
t3_0100667,09/03/2021,AMC,"loaded up on AMC today, apes together strong 🦍",bull
t3_0033073,18/02/2021,GME,diamond hands on GME? more like paper hands incoming,bear
t3_0009552,22/01/2021,GME,check this https://t.co/abc123 not financial advice,neu
t3_0018807,26/01/2021,GME,"all in on GME leaps, retail is winning this one",bull
t3_0048370,07/04/2021,GME,GME 🚀🚀 puts and calls and whatever idk,neu
t3_0104371,02/04/2021,AMC,"$AMC again huh, this sub never sleeps",bear
t3_0084741,05/08/2021,GME,we like the stock 💎🙌 $GME price target 500 easy,bull
t3_0098798,18/02/2021,AMC,"$AMC chart looks crazy, anyone else seeing this",bear
t3_0066244,11/06/2021,GME,"$GME moon dump moon dump, pick one already",neu
t3_0090388,31/08/2021,GME,"GME moving a lot, volume is insane rn",bear
t3_0040156,09/03/2021,GME,"BB big buy on everything, no ticker here",neu
t3_0059556,19/05/2021,GME,"$GME again huh, this sub never sleeps",bear
t3_0004894,15/01/2021,GME,"$GME again huh, this sub never sleeps",bear
t3_0058288,13/05/2021,GME,"GME bagholders about to get wrecked, short it",bear
t3_0023695,29/01/2021,GME,🚀🚀🚀🚀🚀🚀 wen lambo 🦍🦍 to the mooooooon,neu
t3_0087709,18/08/2021,GME,any DD on $GME? new to this stock,neu
t3_0141097,29/06/2021,AMC,"$AMC moon dump moon dump, pick one already",neu
t3_0143812,23/07/2021,AMC,"watching $AMC closely, could go either way 👀",neu
t3_0014421,22/01/2021,GME,$GME going to zero... TO THE MOON 🚀 (im not selling),bull
t3_0028046,05/02/2021,GME,$GME to the moon 🚀 said the bagholder before the dump,bear
t3_0142077,07/07/2021,AMC,"holding a small AMC position, watching for now",neu
t3_0059413,19/05/2021,GME,$GME to the moon 🚀 said the bagholder before the dump,bear
t3_0027437,02/02/2021,GME,"GME is wild today, no idea where this goes",bear
t3_0054012,23/04/2021,GME,"BB big buy on everything, no ticker here",neu
t3_0038871,08/03/2021,GME,"hold $GME, never selling, this is the way",bull
t3_0147787,30/08/2021,AMC,"holding a small AMC position, watching for now",neu
t3_0051215,09/04/2021,GME,"GME moving a lot, volume is insane rn",bear
t3_0038985,08/03/2021,GME,"$GME breaking resistance, tendies on the way 🤑",bull
t3_0085065,06/08/2021,GME,"buying more $GME calls, this short squeeze is just starting",bull
t3_0061947,27/05/2021,GME,"GME moving a lot, volume is insane rn",bear
t3_0013785,22/01/2021,GME,GME is trash but im holding anyway lmao 💎🙌,bull
t3_0073439,28/06/2021,GME,"closed my GME position, momentum is gone",bear
t3_0108259,07/05/2021,AMC,"closed my AMC position, momentum is gone",bear
t3_0099917,02/03/2021,AMC,"this AMC pump is fake, insiders dumping on retail",bear
t3_0006673,18/01/2021,GME,"$GME again huh, this sub never sleeps",bear
t3_0028585,08/02/2021,GME,diamond hands on GME? more like paper hands incoming,bear
t3_0047315,05/04/2021,GME,"this GME pump is fake, insiders dumping on retail",bear
t3_0106427,20/04/2021,AMC,"$AMC chart looks crazy, anyone else seeing this",neu
t3_0054542,27/04/2021,GME,$GME going to zero... TO THE MOON 🚀 (im not selling),bull
t3_0144237,29/07/2021,AMC,"loaded up on AMC today, apes together strong 🦍",bull
t3_0066660,11/06/2021,GME,"loaded up on GME today, apes together strong 🦍",bull
t3_0020540,27/01/2021,GME,"$GME gamma squeeze incoming, hedgies are done. YOLO 100k",bull
t3_0091785,31/08/2021,GME,"$GME chart looks crazy, anyone else seeing this",bear
t3_0147237,27/08/2021,AMC,idk man AMC is doing AMC things,bear
t3_0044603,19/03/2021,GME,"GME is wild today, no idea where this goes",bear
t3_0124133,08/06/2021,AMC,"hold $AMC, never selling, this is the way",bull
t3_0082316,23/07/2021,GME,GME 🚀🚀 puts and calls and whatever idk,neu
t3_0081693,21/07/2021,GME,is $GME still being talked about here? asking,neu
t3_0057658,12/05/2021,GME,"watching $GME closely, could go either way 👀",bear
t3_0112427,01/06/2021,AMC,AMC is trash but im holding anyway lmao 💎🙌,bull
t3_0042571,10/03/2021,GME,"$GME moon dump moon dump, pick one already",neu
t3_0053042,20/04/2021,GME,$GME to the moon 🚀 said the bagholder before the dump,bear
t3_0075814,01/07/2021,GME,idk man GME is doing GME things,bear
t3_0028144,05/02/2021,GME,"puts on GME, the squeeze is over, dead cat bounce",bear
t3_0091744,31/08/2021,GME,buy the dip they said... GME keeps dipping 📉,bear
t3_0144294,29/07/2021,AMC,"sold all my $AMC, taking profits before the dump",bear
t3_0139626,17/06/2021,AMC,AMC 🚀🚀 puts and calls and whatever idk,neu
t3_0108879,12/05/2021,AMC,"$AMC chart looks crazy, anyone else seeing this",neu
t3_0074638,29/06/2021,GME,"$GME chart looks crazy, anyone else seeing this",bear
t3_0071544,25/06/2021,GME,"$GME chart looks crazy, anyone else seeing this",neu
t3_0109136,14/05/2021,AMC,"$AMC again huh, this sub never sleeps",bull
t3_0061533,26/05/2021,GME,idk man GME is doing GME things,bull
t3_0129816,08/06/2021,AMC,$AMC going to zero... TO THE MOON 🚀 (im not selling),bull
t3_0087439,18/08/2021,GME,"$GME options chain looks thin, low IV today",neu
t3_0075849,01/07/2021,GME,"$GME again huh, this sub never sleeps",bear
t3_0053876,22/04/2021,GME,"everyone says sell GME, so obviously i bought more",bull
t3_0009220,22/01/2021,GME,"$GME again huh, this sub never sleeps",bull
t3_0077816,06/07/2021,GME,"holding a small GME position, watching for now",neu
t3_0003009,14/01/2021,GME,"$GME is overvalued, this bubble will pop hard",bear
t3_0145886,16/08/2021,AMC,"holding a small AMC position, watching for now",neu
t3_0101954,19/03/2021,AMC,"$AMC chart looks crazy, anyone else seeing this",neu
t3_0113648,01/06/2021,AMC,"hold $AMC, never selling, this is the way",bull
t3_0034644,24/02/2021,GME,"BB big buy on everything, no ticker here",neu
t3_0002846,14/01/2021,GME,"holding a small GME position, watching for now",neu
t3_0108013,06/05/2021,AMC,🚀🚀🚀🚀🚀🚀 wen lambo 🦍🦍 to the mooooooon,neu
t3_0140502,24/06/2021,AMC,"holding a small AMC position, watching for now",neu
t3_0096609,12/02/2021,AMC,buy the dip they said... AMC keeps dipping 📉,bear
t3_0134234,09/06/2021,AMC,"hold $AMC, never selling, this is the way",bull
t3_0102780,26/03/2021,AMC,"closed my AMC position, momentum is gone",bear
t3_0104436,02/04/2021,AMC,$AMC to the moon 🚀 said the bagholder before the dump,bear
t3_0090428,31/08/2021,GME,"GME is wild today, no idea where this goes",bear
t3_0082227,23/07/2021,GME,$GME to the moon 🚀 said the bagholder before the dump,bear
t3_0108519,10/05/2021,AMC,"$AMC going back to single digits, bearish af",bear
t3_0046612,01/04/2021,GME,buy the dip they said... GME keeps dipping 📉,bear
t3_0055937,04/05/2021,GME,"watching $GME closely, could go either way 👀",neu
t3_0002729,14/01/2021,GME,"$GME is overvalued, this bubble will pop hard",bear
t3_0066637,11/06/2021,GME,"GME moving a lot, volume is insane rn",neu
t3_0112535,01/06/2021,AMC,"loaded up on AMC today, apes together strong 🦍",bull
t3_0110403,28/05/2021,AMC,$AMC going to zero... TO THE MOON 🚀 (im not selling),bull
t3_0067383,14/06/2021,GME,we like the stock 💎🙌 $GME price target 500 easy,bull
t3_0124035,08/06/2021,AMC,"AMC moving a lot, volume is insane rn",bull
t3_0023794,29/01/2021,GME,"$GME chart looks crazy, anyone else seeing this",neu
t3_0044881,22/03/2021,GME,any DD on $GME? new to this stock,neu
t3_0109451,19/05/2021,AMC,AMC 🚀🚀 puts and calls and whatever idk,neu
t3_0111568,31/05/2021,AMC,anyone have the AMC float numbers handy,neu
t3_0104081,02/04/2021,AMC,"$AMC chart looks crazy, anyone else seeing this",bear
t3_0048261,07/04/2021,GME,idk man GME is doing GME things,bear
t3_0005039,15/01/2021,GME,lol GME just game me some tendies bro 😂,neu
t3_0098941,19/02/2021,AMC,diamond hands on AMC? more like paper hands incoming,bear
t3_0011751,22/01/2021,GME,GME to the moon 🚀🚀 diamond hands hold the line,bull
t3_0064031,04/06/2021,GME,"GME moving a lot, volume is insane rn",bull
t3_0026292,29/01/2021,GME,🚀🚀🚀🚀🚀🚀 wen lambo 🦍🦍 to the mooooooon,neu
t3_0091996,04/01/2021,AMC,"$AMC going back to single digits, bearish af",bear
t3_0053769,22/04/2021,GME,idk man GME is doing GME things,neu
t3_0056930,07/05/2021,GME,"GME moving a lot, volume is insane rn",bear
t3_0005949,18/01/2021,GME,"GME volume looks normal today, sideways action",neu
t3_0129709,08/06/2021,AMC,"buying more $AMC calls, this short squeeze is just starting",bull
t3_0021251,27/01/2021,GME,"$GME gamma squeeze incoming, hedgies are done. YOLO 100k",bull
t3_0045389,24/03/2021,GME,"GME moving a lot, volume is insane rn",neu
t3_0116878,03/06/2021,AMC,"neutral on AMC, waiting for a clearer signal",neu
t3_0010700,22/01/2021,GME,"$GME chart looks crazy, anyone else seeing this",bull
t3_0123098,08/06/2021,AMC,check this https://t.co/abc123 not financial advice,neu
t3_0030787,12/02/2021,GME,idk man GME is doing GME things,bull
t3_0096895,15/02/2021,AMC,diamond hands on AMC? more like paper hands incoming,bear
t3_0059598,19/05/2021,GME,$GME to the moon 🚀 said the bagholder before the dump,bear
t3_0028681,08/02/2021,GME,"watching $GME closely, could go either way 👀",bear
t3_0021045,27/01/2021,GME,GME 🚀🚀 puts and calls and whatever idk,neu
t3_0032471,16/02/2021,GME,"watching $GME closely, could go either way 👀",bear
t3_0072579,28/06/2021,GME,"$GME again huh, this sub never sleeps",bear
t3_0059333,19/05/2021,GME,"GME volume looks normal today, sideways action",neu
t3_0101415,16/03/2021,AMC,"$AMC again huh, this sub never sleeps",neu
t3_0002068,14/01/2021,GME,"puts on GME, the squeeze is over, dead cat bounce",bear
t3_0005676,18/01/2021,GME,"$GME chart looks crazy, anyone else seeing this",bear
t3_0119352,07/06/2021,AMC,$AMC going to zero... TO THE MOON 🚀 (im not selling),bull
t3_0029452,09/02/2021,GME,"GME moving a lot, volume is insane rn",bear
t3_0000615,06/01/2021,GME,idk man GME is doing GME things,bear
t3_0003834,14/01/2021,GME,"closed my GME position, momentum is gone",bear
t3_0114594,02/06/2021,AMC,"watching $AMC closely, could go either way 👀",bull
t3_0139278,16/06/2021,AMC,"AMC is wild today, no idea where this goes",bear
t3_0086886,16/08/2021,GME,"GME is wild today, no idea where this goes",neu
t3_0043873,16/03/2021,GME,"BB big buy on everything, no ticker here",neu
t3_0074998,29/06/2021,GME,is $GME still being talked about here? asking,neu
t3_0063789,04/06/2021,GME,"buying more $GME calls, this short squeeze is just starting",bull
t3_0040584,09/03/2021,GME,"buying more $GME calls, this short squeeze is just starting",bull
t3_0064526,08/06/2021,GME,GME 🚀🚀 puts and calls and whatever idk,neu
t3_0075579,30/06/2021,GME,"everyone says sell GME, so obviously i bought more",bull
t3_0116817,03/06/2021,AMC,what do you guys think about AMC earnings next week,neu
t3_0018976,26/01/2021,GME,"$GME breaking resistance, tendies on the way 🤑",bull
t3_0071639,25/06/2021,GME,"watching $GME closely, could go either way 👀",bear
t3_0124447,08/06/2021,AMC,lol GME just game me some tendies bro 😂,neu
t3_0112443,01/06/2021,AMC,"AMC moving a lot, volume is insane rn",bull
t3_0056701,06/05/2021,GME,"neutral on GME, waiting for a clearer signal",neu
t3_0096887,15/02/2021,AMC,"this AMC pump is fake, insiders dumping on retail",bear
t3_0125803,08/06/2021,AMC,AMC to the moon 🚀🚀 diamond hands hold the line,bull
t3_0080932,16/07/2021,GME,buy the dip they said... GME keeps dipping 📉,bear
t3_0054417,27/04/2021,GME,"GME is wild today, no idea where this goes",bull
t3_0095003,29/01/2021,AMC,"$AMC is overvalued, this bubble will pop hard",bear
t3_0085314,09/08/2021,GME,"holding a small GME position, watching for now",neu
t3_0142487,09/07/2021,AMC,idk man AMC is doing AMC things,bear
t3_0039826,09/03/2021,GME,"hold $GME, never selling, this is the way",bull
t3_0036022,02/03/2021,GME,"hold $GME, never selling, this is the way",bull
t3_0099399,25/02/2021,AMC,"shorting $AMC here, fundamentals are trash",bear
t3_0044784,22/03/2021,GME,GME 🚀🚀 puts and calls and whatever idk,neu
t3_0057708,12/05/2021,GME,"GME moving a lot, volume is insane rn",neu
t3_0037818,08/03/2021,GME,"buying more $GME calls, this short squeeze is just starting",bull
t3_0000146,04/01/2021,GME,"$GME again huh, this sub never sleeps",bear
t3_0085556,10/08/2021,GME,"GME moving a lot, volume is insane rn",bull
t3_0097018,15/02/2021,AMC,$AMC to the moon 🚀 said the bagholder before the dump,bear
t3_0077958,06/07/2021,GME,🚀🚀🚀🚀🚀🚀 wen lambo 🦍🦍 to the mooooooon,neu
t3_0087479,18/08/2021,GME,idk man GME is doing GME things,bull
t3_0063637,03/06/2021,GME,check this https://t.co/abc123 not financial advice,neu
t3_0023620,28/01/2021,GME,idk man GME is doing GME things,bull
t3_0033288,19/02/2021,GME,"GME is wild today, no idea where this goes",bull
t3_0060043,24/05/2021,GME,"BB big buy on everything, no ticker here",neu
t3_0089551,27/08/2021,GME,"$GME chart looks crazy, anyone else seeing this",bear
t3_0088099,20/08/2021,GME,"$GME chart looks crazy, anyone else seeing this",bear
t3_0006115,18/01/2021,GME,idk man GME is doing GME things,bear
t3_0105451,12/04/2021,AMC,AMC 🚀🚀 puts and calls and whatever idk,neu
t3_0056974,07/05/2021,GME,"watching $GME closely, could go either way 👀",bear
t3_0119723,07/06/2021,AMC,idk man AMC is doing AMC things,neu
t3_0132140,09/06/2021,AMC,idk man AMC is doing AMC things,bull
t3_0085017,06/08/2021,GME,"GME is wild today, no idea where this goes",bear
t3_0030077,11/02/2021,GME,"holding a small GME position, watching for now",neu
t3_0008797,22/01/2021,GME,"$GME chart looks crazy, anyone else seeing this",neu
t3_0099095,23/02/2021,AMC,"$AMC chart looks crazy, anyone else seeing this",bear
t3_0011140,22/01/2021,GME,"GME moving a lot, volume is insane rn",bull
t3_0018920,26/01/2021,GME,"loaded up on GME today, apes together strong 🦍",bull
t3_0053739,22/04/2021,GME,"$GME moon dump moon dump, pick one already",neu
t3_0001945,13/01/2021,GME,is $GME still being talked about here? asking,neu
t3_0144742,03/08/2021,AMC,"$AMC chart looks crazy, anyone else seeing this",neu
t3_0099576,25/02/2021,AMC,AMC 🚀🚀 puts and calls and whatever idk,neu
t3_0001470,11/01/2021,GME,"GME moving a lot, volume is insane rn",neu
t3_0142477,09/07/2021,AMC,what do you guys think about AMC earnings next week,neu
t3_0039375,09/03/2021,GME,"watching $GME closely, could go either way 👀",bull
t3_0022084,28/01/2021,GME,"$GME again huh, this sub never sleeps",bull
t3_0005149,15/01/2021,GME,"GME moving a lot, volume is insane rn",bear
t3_0037534,08/03/2021,GME,"watching $GME closely, could go either way 👀",bull
t3_0032744,18/02/2021,GME,"GME is wild today, no idea where this goes",bear
t3_0048328,07/04/2021,GME,"GME bagholders about to get wrecked, short it",bear
t3_0033689,19/02/2021,GME,we like the stock 💎🙌 $GME price target 500 easy,bull
t3_0037005,04/03/2021,GME,what do you guys think about GME earnings next week,neu
t3_0109674,21/05/2021,AMC,"$AMC moon dump moon dump, pick one already",neu
t3_0022484,28/01/2021,GME,🚀🚀🚀🚀🚀🚀 wen lambo 🦍🦍 to the mooooooon,neu
t3_0034992,25/02/2021,GME,"watching $GME closely, could go either way 👀",bull
t3_0048648,07/04/2021,GME,"this GME pump is fake, insiders dumping on retail",bear
t3_0103120,26/03/2021,AMC,buy the dip they said... AMC keeps dipping 📉,bear
t3_0124071,08/06/2021,AMC,"buying more $AMC calls, this short squeeze is just starting",bull
t3_0062583,31/05/2021,GME,idk man GME is doing GME things,bear
t3_0069148,16/06/2021,GME,diamond hands on GME? more like paper hands incoming,bear
t3_0068126,14/06/2021,GME,GME is trash but im holding anyway lmao 💎🙌,bull
t3_0133077,09/06/2021,AMC,idk man AMC is doing AMC things,bull
t3_0110489,28/05/2021,AMC,"AMC is wild today, no idea where this goes",neu
t3_0021744,28/01/2021,GME,"$GME moon dump moon dump, pick one already",neu
t3_0082548,26/07/2021,GME,"$GME chart looks crazy, anyone else seeing this",neu
t3_0077393,05/07/2021,GME,"puts on GME, the squeeze is over, dead cat bounce",bear
t3_0083098,28/07/2021,GME,"$GME moon dump moon dump, pick one already",neu
t3_0077965,06/07/2021,GME,"$GME again huh, this sub never sleeps",neu
t3_0019573,26/01/2021,GME,"buying more $GME calls, this short squeeze is just starting",bull
t3_0089358,26/08/2021,GME,"GME is wild today, no idea where this goes",bear
t3_0141374,30/06/2021,AMC,anyone have the AMC float numbers handy,neu
t3_0096880,15/02/2021,AMC,"$AMC again huh, this sub never sleeps",bear
t3_0132447,09/06/2021,AMC,"buying more $AMC calls, this short squeeze is just starting",bull
t3_0083889,30/07/2021,GME,$GME going to zero... TO THE MOON 🚀 (im not selling),bull
t3_0078364,08/07/2021,GME,"hold $GME, never selling, this is the way",bull
t3_0120495,07/06/2021,AMC,what do you guys think about AMC earnings next week,neu
t3_0050744,09/04/2021,GME,"$GME chart looks crazy, anyone else seeing this",bear
t3_0021262,27/01/2021,GME,"$GME chart looks crazy, anyone else seeing this",neu
t3_0023669,28/01/2021,GME,check this https://t.co/abc123 not financial advice,neu
t3_0057108,10/05/2021,GME,"$GME chart looks crazy, anyone else seeing this",neu
t3_0105296,08/04/2021,AMC,"$AMC is overvalued, this bubble will pop hard",bear
t3_0088589,24/08/2021,GME,$GME going to zero... TO THE MOON 🚀 (im not selling),bull
t3_0095611,05/02/2021,AMC,"$AMC gamma squeeze incoming, hedgies are done. YOLO 100k",bull
t3_0103766,01/04/2021,AMC,anyone have the AMC float numbers handy,neu
t3_0002091,14/01/2021,GME,"GME is wild today, no idea where this goes",bear
t3_0110334,28/05/2021,AMC,"$AMC again huh, this sub never sleeps",bull
t3_0007652,19/01/2021,GME,check this https://t.co/abc123 not financial advice,neu
t3_0046940,05/04/2021,GME,"holding a small GME position, watching for now",neu
t3_0089407,26/08/2021,GME,anyone have the GME float numbers handy,neu
t3_0133869,09/06/2021,AMC,AMC to the moon 🚀🚀 diamond hands hold the line,bull
t3_0026444,29/01/2021,GME,"$GME again huh, this sub never sleeps",bull
t3_0007464,19/01/2021,GME,"$GME gamma squeeze incoming, hedgies are done. YOLO 100k",bull
t3_0051117,09/04/2021,GME,"$GME chart looks crazy, anyone else seeing this",bear
t3_0055659,03/05/2021,GME,"GME moving a lot, volume is insane rn",bull
t3_0090151,30/08/2021,GME,"$GME chart looks crazy, anyone else seeing this",neu
t3_0050838,09/04/2021,GME,"$GME again huh, this sub never sleeps",bear
t3_0119316,07/06/2021,AMC,"AMC moving a lot, volume is insane rn",bull
t3_0087980,19/08/2021,GME,"everyone says sell GME, so obviously i bought more",bull
t3_0110436,28/05/2021,AMC,"AMC moving a lot, volume is insane rn",bull
t3_0076911,02/07/2021,GME,"$GME chart looks crazy, anyone else seeing this",bear
t3_0043941,16/03/2021,GME,idk man GME is doing GME things,bear
t3_0083993,30/07/2021,GME,"all in on GME leaps, retail is winning this one",bull
t3_0136376,09/06/2021,AMC,we like the stock 💎🙌 $AMC price target 500 easy,bull
t3_0014998,22/01/2021,GME,"watching $GME closely, could go either way 👀",bull
t3_0052638,16/04/2021,GME,"$GME again huh, this sub never sleeps",bull
t3_0051238,09/04/2021,GME,"$GME chart looks crazy, anyone else seeing this",bear
t3_0091228,31/08/2021,GME,"GME bagholders about to get wrecked, short it",bear
t3_0077868,06/07/2021,GME,"$GME again huh, this sub never sleeps",bear
t3_0032019,16/02/2021,GME,buy the dip they said... GME keeps dipping 📉,bear
t3_0091921,31/08/2021,GME,"$GME is overvalued, this bubble will pop hard",bear
t3_0003176,14/01/2021,GME,idk man GME is doing GME things,bear
t3_0099752,01/03/2021,AMC,"$AMC moon dump moon dump, pick one already",neu
t3_0033951,22/02/2021,GME,"BB big buy on everything, no ticker here",neu
t3_0122529,08/06/2021,AMC,AMC to the moon 🚀🚀 diamond hands hold the line,bull
t3_0032405,16/02/2021,GME,"sold all my $GME, taking profits before the dump",bear
t3_0018956,26/01/2021,GME,we like the stock 💎🙌 $GME price target 500 easy,bull
t3_0125723,08/06/2021,AMC,"loaded up on AMC today, apes together strong 🦍",bull
t3_0070501,22/06/2021,GME,"GME volume looks normal today, sideways action",neu
t3_0014157,22/01/2021,GME,"$GME moon dump moon dump, pick one already",neu
t3_0103819,02/04/2021,AMC,$AMC to the moon 🚀 said the bagholder before the dump,bear
t3_0007598,19/01/2021,GME,"GME moving a lot, volume is insane rn",bear
t3_0006832,18/01/2021,GME,idk man GME is doing GME things,bear
t3_0017613,26/01/2021,GME,"GME is wild today, no idea where this goes",bull
t3_0014631,22/01/2021,GME,we like the stock 💎🙌 $GME price target 500 easy,bull
t3_0129502,08/06/2021,AMC,"AMC is wild today, no idea where this goes",bull
t3_0009956,22/01/2021,GME,"GME moving a lot, volume is insane rn",bull
t3_0028990,09/02/2021,GME,"$GME again huh, this sub never sleeps",bull
t3_0091649,31/08/2021,GME,$GME to the moon 🚀 said the bagholder before the dump,bear
t3_0041693,10/03/2021,GME,"$GME again huh, this sub never sleeps",neu
t3_0049854,08/04/2021,GME,"$GME chart looks crazy, anyone else seeing this",bear
t3_0135285,09/06/2021,AMC,"AMC is wild today, no idea where this goes",bull
t3_0108399,10/05/2021,AMC,"AMC is wild today, no idea where this goes",bull
t3_0055897,04/05/2021,GME,"$GME chart looks crazy, anyone else seeing this",neu
t3_0044245,18/03/2021,GME,"$GME moon dump moon dump, pick one already",neu
t3_0127497,08/06/2021,AMC,idk man AMC is doing AMC things,bull
t3_0079615,13/07/2021,GME,idk man GME is doing GME things,bear
t3_0021206,27/01/2021,GME,"$GME chart looks crazy, anyone else seeing this",bull
t3_0061426,26/05/2021,GME,"watching $GME closely, could go either way 👀",bull
t3_0020508,27/01/2021,GME,"$GME gamma squeeze incoming, hedgies are done. YOLO 100k",bull
t3_0091013,31/08/2021,GME,check this https://t.co/abc123 not financial advice,neu
t3_0047131,05/04/2021,GME,"$GME moon dump moon dump, pick one already",neu
t3_0037812,08/03/2021,GME,"GME volume looks normal today, sideways action",neu
t3_0052406,16/04/2021,GME,GME is trash but im holding anyway lmao 💎🙌,bull
t3_0071822,25/06/2021,GME,"$GME going back to single digits, bearish af",bear
t3_0091445,31/08/2021,GME,"GME moving a lot, volume is insane rn",bear
t3_0093579,18/01/2021,AMC,"puts on AMC, the squeeze is over, dead cat bounce",bear
t3_0007609,19/01/2021,GME,"this GME pump is fake, insiders dumping on retail",bear
t3_0063273,02/06/2021,GME,"$GME chart looks crazy, anyone else seeing this",bull
t3_0064327,07/06/2021,GME,"$GME again huh, this sub never sleeps",bear
t3_0083356,28/07/2021,GME,"neutral on GME, waiting for a clearer signal",neu
t3_0097649,15/02/2021,AMC,"AMC is wild today, no idea where this goes",bear
t3_0030426,11/02/2021,GME,🚀🚀🚀🚀🚀🚀 wen lambo 🦍🦍 to the mooooooon,neu
t3_0016739,25/01/2021,GME,"GME moving a lot, volume is insane rn",bull
t3_0105749,14/04/2021,AMC,"AMC moving a lot, volume is insane rn",neu
t3_0133581,09/06/2021,AMC,"holding a small AMC position, watching for now",neu
t3_0001672,12/01/2021,GME,buy the dip they said... GME keeps dipping 📉,bear
t3_0075266,29/06/2021,GME,"puts on GME, the squeeze is over, dead cat bounce",bear
t3_0145314,10/08/2021,AMC,"AMC moving a lot, volume is insane rn",neu
t3_0058572,14/05/2021,GME,"$GME moon dump moon dump, pick one already",neu
t3_0059691,20/05/2021,GME,"GME is wild today, no idea where this goes",neu
t3_0059076,18/05/2021,GME,"GME bagholders about to get wrecked, short it",bear
t3_0022112,28/01/2021,GME,"$GME chart looks crazy, anyone else seeing this",bull
t3_0050211,09/04/2021,GME,"neutral on GME, waiting for a clearer signal",neu
t3_0011873,22/01/2021,GME,"GME is wild today, no idea where this goes",bull
t3_0129370,08/06/2021,AMC,"AMC is wild today, no idea where this goes",neu
t3_0027011,01/02/2021,GME,"closed my GME position, momentum is gone",bear
t3_0138808,14/06/2021,AMC,"$AMC moon dump moon dump, pick one already",neu
t3_0047151,05/04/2021,GME,"$GME again huh, this sub never sleeps",neu
t3_0046900,05/04/2021,GME,"this GME pump is fake, insiders dumping on retail",bear
t3_0046121,30/03/2021,GME,diamond hands on GME? more like paper hands incoming,bear
t3_0059535,19/05/2021,GME,$GME going to zero... TO THE MOON 🚀 (im not selling),bull
t3_0067361,14/06/2021,GME,GME is trash but im holding anyway lmao 💎🙌,bull
t3_0097246,15/02/2021,AMC,"AMC moving a lot, volume is insane rn",bear
t3_0144631,02/08/2021,AMC,"$AMC gamma squeeze incoming, hedgies are done. YOLO 100k",bull
t3_0017150,26/01/2021,GME,"GME is wild today, no idea where this goes",bull
t3_0047090,05/04/2021,GME,"GME bagholders about to get wrecked, short it",bear
t3_0046984,05/04/2021,GME,"$GME chart looks crazy, anyone else seeing this",bear
t3_0027449,02/02/2021,GME,lol GME just game me some tendies bro 😂,neu
t3_0012067,22/01/2021,GME,"GME moving a lot, volume is insane rn",bull
t3_0129805,08/06/2021,AMC,"everyone says sell AMC, so obviously i bought more",bull
t3_0082192,23/07/2021,GME,"$GME again huh, this sub never sleeps",bear
t3_0127649,08/06/2021,AMC,lol GME just game me some tendies bro 😂,neu
t3_0037121,04/03/2021,GME,"BB big buy on everything, no ticker here",neu
t3_0098777,18/02/2021,AMC,"holding a small AMC position, watching for now",neu
t3_0046291,31/03/2021,GME,"GME is wild today, no idea where this goes",bull
t3_0037375,05/03/2021,GME,"$GME going back to single digits, bearish af",bear
t3_0068474,15/06/2021,GME,"GME is wild today, no idea where this goes",neu
t3_0090309,31/08/2021,GME,"$GME chart looks crazy, anyone else seeing this",bear
t3_0027298,01/02/2021,GME,"GME moving a lot, volume is insane rn",bear
t3_0028764,08/02/2021,GME,"this GME pump is fake, insiders dumping on retail",bear
t3_0058282,13/05/2021,GME,"$GME is overvalued, this bubble will pop hard",bear
t3_0042981,10/03/2021,GME,"$GME again huh, this sub never sleeps",bull
t3_0056504,06/05/2021,GME,"GME is wild today, no idea where this goes",neu
t3_0007813,19/01/2021,GME,any DD on $GME? new to this stock,neu
t3_0061257,26/05/2021,GME,we like the stock 💎🙌 $GME price target 500 easy,bull
t3_0030237,11/02/2021,GME,"buying more $GME calls, this short squeeze is just starting",bull
t3_0019076,26/01/2021,GME,"GME moving a lot, volume is insane rn",bull
t3_0086672,13/08/2021,GME,"GME moving a lot, volume is insane rn",bull
t3_0001056,07/01/2021,GME,"this GME pump is fake, insiders dumping on retail",bear
t3_0109532,20/05/2021,AMC,idk man AMC is doing AMC things,bear
t3_0147928,30/08/2021,AMC,"$AMC chart looks crazy, anyone else seeing this",bear
t3_0081842,22/07/2021,GME,"closed my GME position, momentum is gone",bear
t3_0129849,08/06/2021,AMC,"$AMC chart looks crazy, anyone else seeing this",bull
t3_0085733,11/08/2021,GME,"everyone says sell GME, so obviously i bought more",bull
t3_0048493,07/04/2021,GME,"GME volume looks normal today, sideways action",neu
t3_0113356,01/06/2021,AMC,idk man AMC is doing AMC things,bull
t3_0077104,02/07/2021,GME,"$GME moon dump moon dump, pick one already",neu
t3_0117563,04/06/2021,AMC,"all in on AMC leaps, retail is winning this one",bull
t3_0042119,10/03/2021,GME,"GME bagholders about to get wrecked, short it",bear
t3_0131079,09/06/2021,AMC,"AMC moving a lot, volume is insane rn",bull
t3_0105518,12/04/2021,AMC,"everyone says sell AMC, so obviously i bought more",bull
t3_0082175,23/07/2021,GME,"$GME going back to single digits, bearish af",bear
t3_0040720,09/03/2021,GME,"$GME gamma squeeze incoming, hedgies are done. YOLO 100k",bull
t3_0012287,22/01/2021,GME,"$GME again huh, this sub never sleeps",neu
t3_0126635,08/06/2021,AMC,AMC is trash but im holding anyway lmao 💎🙌,bull
t3_0123931,08/06/2021,AMC,"all in on AMC leaps, retail is winning this one",bull
t3_0078247,07/07/2021,GME,"$GME chart looks crazy, anyone else seeing this",bull
t3_0072347,28/06/2021,GME,"closed my GME position, momentum is gone",bear
t3_0112868,01/06/2021,AMC,AMC is trash but im holding anyway lmao 💎🙌,bull
t3_0073657,28/06/2021,GME,"sold all my $GME, taking profits before the dump",bear
t3_0100740,10/03/2021,AMC,"AMC bagholders about to get wrecked, short it",bear
t3_0090614,31/08/2021,GME,"shorting $GME here, fundamentals are trash",bear
t3_0048273,07/04/2021,GME,idk man GME is doing GME things,bear
t3_0145489,12/08/2021,AMC,idk man AMC is doing AMC things,bear
t3_0065979,11/06/2021,GME,"everyone says sell GME, so obviously i bought more",bull
t3_0068759,15/06/2021,GME,"GME is wild today, no idea where this goes",neu
t3_0058906,18/05/2021,GME,"this GME pump is fake, insiders dumping on retail",bear
t3_0042226,10/03/2021,GME,"$GME chart looks crazy, anyone else seeing this",bull
t3_0108392,10/05/2021,AMC,"sold all my $AMC, taking profits before the dump",bear
t3_0065844,11/06/2021,GME,"$GME options chain looks thin, low IV today",neu
t3_0128111,08/06/2021,AMC,idk man AMC is doing AMC things,bull
t3_0027560,03/02/2021,GME,"BB big buy on everything, no ticker here",neu
t3_0004734,15/01/2021,GME,"puts on GME, the squeeze is over, dead cat bounce",bear
t3_0021214,27/01/2021,GME,"watching $GME closely, could go either way 👀",bull
t3_0133162,09/06/2021,AMC,"everyone says sell AMC, so obviously i bought more",bull
t3_0081860,22/07/2021,GME,"$GME moon dump moon dump, pick one already",neu
t3_0080843,16/07/2021,GME,idk man GME is doing GME things,neu
t3_0006189,18/01/2021,GME,idk man GME is doing GME things,neu
t3_0079000,09/07/2021,GME,idk man GME is doing GME things,neu
t3_0122772,08/06/2021,AMC,"buying more $AMC calls, this short squeeze is just starting",bull
t3_0109363,18/05/2021,AMC,"everyone says sell AMC, so obviously i bought more",bull
t3_0114606,02/06/2021,AMC,"$AMC again huh, this sub never sleeps",bull
t3_0067504,14/06/2021,GME,idk man GME is doing GME things,bull
t3_0046961,05/04/2021,GME,"GME bagholders about to get wrecked, short it",bear
t3_0131235,09/06/2021,AMC,idk man AMC is doing AMC things,bull
t3_0084443,03/08/2021,GME,GME 🚀🚀 puts and calls and whatever idk,neu
t3_0068356,15/06/2021,GME,"GME is wild today, no idea where this goes",bull
t3_0008262,20/01/2021,GME,"this GME pump is fake, insiders dumping on retail",bear
t3_0046791,02/04/2021,GME,GME 🚀🚀 puts and calls and whatever idk,neu
t3_0045402,24/03/2021,GME,"$GME moon dump moon dump, pick one already",neu
t3_0131908,09/06/2021,AMC,"AMC is wild today, no idea where this goes",bull
t3_0031367,15/02/2021,GME,buy the dip they said... GME keeps dipping 📉,bear
t3_0079129,09/07/2021,GME,"GME is wild today, no idea where this goes",neu
t3_0021973,28/01/2021,GME,"GME is wild today, no idea where this goes",bull
t3_0035571,26/02/2021,GME,"$GME gamma squeeze incoming, hedgies are done. YOLO 100k",bull
t3_0024210,29/01/2021,GME,check this https://t.co/abc123 not financial advice,neu
t3_0050578,09/04/2021,GME,"$GME chart looks crazy, anyone else seeing this",bear
t3_0112833,01/06/2021,AMC,"$AMC breaking resistance, tendies on the way 🤑",bull
t3_0078372,08/07/2021,GME,anyone have the GME float numbers handy,neu
t3_0041866,10/03/2021,GME,"GME is wild today, no idea where this goes",bull
t3_0017526,26/01/2021,GME,idk man GME is doing GME things,bull
t3_0043095,10/03/2021,GME,🚀🚀🚀🚀🚀🚀 wen lambo 🦍🦍 to the mooooooon,neu
t3_0141944,06/07/2021,AMC,"$AMC again huh, this sub never sleeps",neu
t3_0110232,27/05/2021,AMC,"shorting $AMC here, fundamentals are trash",bear
t3_0148065,30/08/2021,AMC,any DD on $AMC? new to this stock,neu
t3_0138898,14/06/2021,AMC,"AMC moving a lot, volume is insane rn",neu
t3_0070403,22/06/2021,GME,GME 🚀🚀 puts and calls and whatever idk,neu
t3_0129504,08/06/2021,AMC,idk man AMC is doing AMC things,bull
t3_0053436,21/04/2021,GME,"$GME moon dump moon dump, pick one already",neu
t3_0073450,28/06/2021,GME,"puts on GME, the squeeze is over, dead cat bounce",bear
t3_0044502,18/03/2021,GME,GME 🚀🚀 puts and calls and whatever idk,neu
t3_0070316,22/06/2021,GME,"$GME chart looks crazy, anyone else seeing this",bull
t3_0062167,28/05/2021,GME,"$GME chart looks crazy, anyone else seeing this",bear
t3_0093240,14/01/2021,AMC,"AMC is wild today, no idea where this goes",bull
t3_0057096,10/05/2021,GME,idk man GME is doing GME things,bull
t3_0106183,19/04/2021,AMC,lol GME just game me some tendies bro 😂,neu
t3_0015210,22/01/2021,GME,"GME is wild today, no idea where this goes",neu
t3_0011971,22/01/2021,GME,"$GME breaking resistance, tendies on the way 🤑",bull
t3_0013161,22/01/2021,GME,"buying more $GME calls, this short squeeze is just starting",bull
t3_0115075,02/06/2021,AMC,"AMC moving a lot, volume is insane rn",bull
t3_0021657,28/01/2021,GME,"watching $GME closely, could go either way 👀",neu
t3_0062237,31/05/2021,GME,"$GME again huh, this sub never sleeps",bear
t3_0081011,19/07/2021,GME,"$GME gamma squeeze incoming, hedgies are done. YOLO 100k",bull
t3_0003523,14/01/2021,GME,buy the dip they said... GME keeps dipping 📉,bear
t3_0022828,28/01/2021,GME,GME is trash but im holding anyway lmao 💎🙌,bull
t3_0129964,08/06/2021,AMC,"all in on AMC leaps, retail is winning this one",bull
t3_0146317,20/08/2021,AMC,"AMC bagholders about to get wrecked, short it",bear
t3_0097706,15/02/2021,AMC,"this AMC pump is fake, insiders dumping on retail",bear
t3_0053201,20/04/2021,GME,"GME is wild today, no idea where this goes",bear
t3_0085047,06/08/2021,GME,"GME is wild today, no idea where this goes",neu
t3_0086294,11/08/2021,GME,"$GME chart looks crazy, anyone else seeing this",bull
t3_0129602,08/06/2021,AMC,"AMC moving a lot, volume is insane rn",bull
t3_0025945,29/01/2021,GME,"loaded up on GME today, apes together strong 🦍",bull
t3_0010465,22/01/2021,GME,GME is trash but im holding anyway lmao 💎🙌,bull
t3_0102556,24/03/2021,AMC,"AMC is wild today, no idea where this goes",bear
t3_0076858,01/07/2021,GME,"GME bagholders about to get wrecked, short it",bear
t3_0050958,09/04/2021,GME,GME 🚀🚀 puts and calls and whatever idk,neu
t3_0105159,07/04/2021,AMC,any DD on $AMC? new to this stock,neu
t3_0015450,25/01/2021,GME,"GME moving a lot, volume is insane rn",bull
t3_0100246,04/03/2021,AMC,"AMC moving a lot, volume is insane rn",neu
t3_0003994,15/01/2021,GME,"watching $GME closely, could go either way 👀",bear
t3_0027378,02/02/2021,GME,"watching $GME closely, could go either way 👀",neu
t3_0046977,05/04/2021,GME,diamond hands on GME? more like paper hands incoming,bear
t3_0109966,25/05/2021,AMC,"hold $AMC, never selling, this is the way",bull
t3_0143119,16/07/2021,AMC,$AMC going to zero... TO THE MOON 🚀 (im not selling),bull
t3_0030900,12/02/2021,GME,GME 🚀🚀 puts and calls and whatever idk,neu
t3_0090057,30/08/2021,GME,"$GME is overvalued, this bubble will pop hard",bear
t3_0007000,18/01/2021,GME,"GME is wild today, no idea where this goes",bear
t3_0105726,14/04/2021,AMC,"$AMC chart looks crazy, anyone else seeing this",bear
t3_0092585,11/01/2021,AMC,AMC 🚀🚀 puts and calls and whatever idk,neu
t3_0097041,15/02/2021,AMC,idk man AMC is doing AMC things,bear
t3_0108433,10/05/2021,AMC,"AMC moving a lot, volume is insane rn",neu
t3_0047377,05/04/2021,GME,buy the dip they said... GME keeps dipping 📉,bear
t3_0070968,24/06/2021,GME,"$GME going back to single digits, bearish af",bear
t3_0128146,08/06/2021,AMC,"AMC is wild today, no idea where this goes",bull
t3_0061370,26/05/2021,GME,lol GME just game me some tendies bro 😂,neu
t3_0094290,25/01/2021,AMC,"AMC moving a lot, volume is insane rn",bull
t3_0089050,25/08/2021,GME,"BB big buy on everything, no ticker here",neu
t3_0036712,03/03/2021,GME,what do you guys think about GME earnings next week,neu
t3_0131391,09/06/2021,AMC,$AMC going to zero... TO THE MOON 🚀 (im not selling),bull
t3_0140405,23/06/2021,AMC,$AMC going to zero... TO THE MOON 🚀 (im not selling),bull
t3_0092122,05/01/2021,AMC,"$AMC moon dump moon dump, pick one already",neu
t3_0111785,01/06/2021,AMC,"watching $AMC closely, could go either way 👀",bull
t3_0072758,28/06/2021,GME,"$GME again huh, this sub never sleeps",bear
t3_0089684,27/08/2021,GME,"this GME pump is fake, insiders dumping on retail",bear
t3_0060448,25/05/2021,GME,$GME to the moon 🚀 said the bagholder before the dump,bear
t3_0097814,15/02/2021,AMC,"$AMC again huh, this sub never sleeps",neu
t3_0000206,05/01/2021,GME,"GME is wild today, no idea where this goes",neu
t3_0124268,08/06/2021,AMC,"watching $AMC closely, could go either way 👀",bull
t3_0003554,14/01/2021,GME,is $GME still being talked about here? asking,neu
t3_0002506,14/01/2021,GME,buy the dip they said... GME keeps dipping 📉,bear
t3_0049702,08/04/2021,GME,"$GME going back to single digits, bearish af",bear
t3_0059067,18/05/2021,GME,buy the dip they said... GME keeps dipping 📉,bear
t3_0076725,01/07/2021,GME,buy the dip they said... GME keeps dipping 📉,bear
t3_0093762,20/01/2021,AMC,anyone have the AMC float numbers handy,neu
t3_0083052,27/07/2021,GME,idk man GME is doing GME things,bull
t3_0058910,18/05/2021,GME,what do you guys think about GME earnings next week,neu
t3_0086411,12/08/2021,GME,"GME is wild today, no idea where this goes",bull
t3_0041670,10/03/2021,GME,"$GME again huh, this sub never sleeps",bull
t3_0052515,16/04/2021,GME,"$GME again huh, this sub never sleeps",bear
t3_0018220,26/01/2021,GME,"loaded up on GME today, apes together strong 🦍",bull
t3_0097331,15/02/2021,AMC,🚀🚀🚀🚀🚀🚀 wen lambo 🦍🦍 to the mooooooon,neu
t3_0008279,20/01/2021,GME,buy the dip they said... GME keeps dipping 📉,bear
t3_0102819,26/03/2021,AMC,$AMC to the moon 🚀 said the bagholder before the dump,bear
t3_0004717,15/01/2021,GME,GME 🚀🚀 puts and calls and whatever idk,neu
t3_0087108,17/08/2021,GME,GME 🚀🚀 puts and calls and whatever idk,neu
t3_0073858,28/06/2021,GME,buy the dip they said... GME keeps dipping 📉,bear
t3_0053448,21/04/2021,GME,anyone have the GME float numbers handy,neu
t3_0102199,23/03/2021,AMC,any DD on $AMC? new to this stock,neu
t3_0113205,01/06/2021,AMC,"everyone says sell AMC, so obviously i bought more",bull
t3_0139010,15/06/2021,AMC,AMC is trash but im holding anyway lmao 💎🙌,bull
t3_0093566,18/01/2021,AMC,"AMC volume looks normal today, sideways action",neu
t3_0118870,04/06/2021,AMC,"AMC moving a lot, volume is insane rn",bull
t3_0079751,14/07/2021,GME,"GME volume looks normal today, sideways action",neu
t3_0145487,12/08/2021,AMC,🚀🚀🚀🚀🚀🚀 wen lambo 🦍🦍 to the mooooooon,neu
t3_0014401,22/01/2021,GME,"$GME breaking resistance, tendies on the way 🤑",bull
t3_0057896,12/05/2021,GME,"$GME chart looks crazy, anyone else seeing this",bear
t3_0139810,17/06/2021,AMC,"AMC moving a lot, volume is insane rn",bear
t3_0052576,16/04/2021,GME,"$GME chart looks crazy, anyone else seeing this",bear
t3_0125608,08/06/2021,AMC,"hold $AMC, never selling, this is the way",bull
t3_0044111,17/03/2021,GME,"GME moving a lot, volume is insane rn",bull
t3_0030984,15/02/2021,GME,buy the dip they said... GME keeps dipping 📉,bear
t3_0136242,09/06/2021,AMC,"all in on AMC leaps, retail is winning this one",bull
t3_0029849,11/02/2021,GME,"loaded up on GME today, apes together strong 🦍",bull
t3_0113820,01/06/2021,AMC,"$AMC options chain looks thin, low IV today",neu
t3_0027288,01/02/2021,GME,"watching $GME closely, could go either way 👀",bear
t3_0023377,28/01/2021,GME,GME to the moon 🚀🚀 diamond hands hold the line,bull
t3_0004586,15/01/2021,GME,"$GME chart looks crazy, anyone else seeing this",bear
t3_0079913,14/07/2021,GME,"everyone says sell GME, so obviously i bought more",bull
t3_0069409,17/06/2021,GME,"$GME going back to single digits, bearish af",bear
t3_0043754,15/03/2021,GME,"shorting $GME here, fundamentals are trash",bear
t3_0141126,29/06/2021,AMC,diamond hands on AMC? more like paper hands incoming,bear
t3_0097372,15/02/2021,AMC,"$AMC chart looks crazy, anyone else seeing this",bear
t3_0141597,01/07/2021,AMC,"$AMC breaking resistance, tendies on the way 🤑",bull
t3_0097339,15/02/2021,AMC,"watching $AMC closely, could go either way 👀",bear
t3_0090827,31/08/2021,GME,$GME to the moon 🚀 said the bagholder before the dump,bear
t3_0085953,11/08/2021,GME,"$GME chart looks crazy, anyone else seeing this",bull
t3_0046938,05/04/2021,GME,"$GME again huh, this sub never sleeps",bear
t3_0142936,15/07/2021,AMC,"$AMC again huh, this sub never sleeps",neu
t3_0070288,21/06/2021,GME,"everyone says sell GME, so obviously i bought more",bull
t3_0116976,03/06/2021,AMC,"$AMC gamma squeeze incoming, hedgies are done. YOLO 100k",bull
t3_0074777,29/06/2021,GME,"GME bagholders about to get wrecked, short it",bear
t3_0058280,13/05/2021,GME,"watching $GME closely, could go either way 👀",bull
t3_0074808,29/06/2021,GME,"$GME chart looks crazy, anyone else seeing this",bear
t3_0106186,19/04/2021,AMC,what do you guys think about AMC earnings next week,neu
t3_0036587,03/03/2021,GME,GME to the moon 🚀🚀 diamond hands hold the line,bull
t3_0087726,18/08/2021,GME,"$GME chart looks crazy, anyone else seeing this",bull
t3_0120797,07/06/2021,AMC,lol GME just game me some tendies bro 😂,neu
t3_0038310,08/03/2021,GME,"watching $GME closely, could go either way 👀",neu
t3_0028379,05/02/2021,GME,idk man GME is doing GME things,bear
t3_0148081,30/08/2021,AMC,"AMC is wild today, no idea where this goes",bear
t3_0090711,31/08/2021,GME,"GME bagholders about to get wrecked, short it",bear
t3_0130423,08/06/2021,AMC,"buying more $AMC calls, this short squeeze is just starting",bull
t3_0072498,28/06/2021,GME,idk man GME is doing GME things,bear
t3_0107866,05/05/2021,AMC,"$AMC moon dump moon dump, pick one already",neu
t3_0109091,14/05/2021,AMC,"$AMC again huh, this sub never sleeps",neu
t3_0037615,08/03/2021,GME,"BB big buy on everything, no ticker here",neu
t3_0096371,11/02/2021,AMC,$AMC to the moon 🚀 said the bagholder before the dump,bear
t3_0130813,09/06/2021,AMC,"buying more $AMC calls, this short squeeze is just starting",bull
t3_0026457,29/01/2021,GME,check this https://t.co/abc123 not financial advice,neu
t3_0077675,06/07/2021,GME,"watching $GME closely, could go either way 👀",neu
t3_0055245,29/04/2021,GME,idk man GME is doing GME things,bull
t3_0079350,12/07/2021,GME,is $GME still being talked about here? asking,neu
t3_0080058,15/07/2021,GME,"$GME options chain looks thin, low IV today",neu
t3_0083400,29/07/2021,GME,"$GME chart looks crazy, anyone else seeing this",bull
t3_0022101,28/01/2021,GME,"GME is wild today, no idea where this goes",bull
t3_0113459,01/06/2021,AMC,$AMC going to zero... TO THE MOON 🚀 (im not selling),bull
t3_0070691,23/06/2021,GME,"$GME chart looks crazy, anyone else seeing this",neu
t3_0077101,02/07/2021,GME,check this https://t.co/abc123 not financial advice,neu
t3_0052260,15/04/2021,GME,"$GME options chain looks thin, low IV today",neu
t3_0129751,08/06/2021,AMC,"watching $AMC closely, could go either way 👀",bull
t3_0135107,09/06/2021,AMC,🚀🚀🚀🚀🚀🚀 wen lambo 🦍🦍 to the mooooooon,neu
t3_0124879,08/06/2021,AMC,"$AMC again huh, this sub never sleeps",bull
t3_0025717,29/01/2021,GME,"hold $GME, never selling, this is the way",bull
t3_0019602,26/01/2021,GME,$GME going to zero... TO THE MOON 🚀 (im not selling),bull
t3_0002121,14/01/2021,GME,"watching $GME closely, could go either way 👀",bear
t3_0092064,05/01/2021,AMC,AMC 🚀🚀 puts and calls and whatever idk,neu
t3_0130241,08/06/2021,AMC,"loaded up on AMC today, apes together strong 🦍",bull
t3_0090281,31/08/2021,GME,"$GME chart looks crazy, anyone else seeing this",bear
t3_0043695,15/03/2021,GME,we like the stock 💎🙌 $GME price target 500 easy,bull
t3_0065212,09/06/2021,GME,"watching $GME closely, could go either way 👀",neu
t3_0112993,01/06/2021,AMC,"$AMC chart looks crazy, anyone else seeing this",neu
t3_0031569,16/02/2021,GME,"neutral on GME, waiting for a clearer signal",neu
t3_0050815,09/04/2021,GME,"$GME again huh, this sub never sleeps",neu
t3_0112071,01/06/2021,AMC,"everyone says sell AMC, so obviously i bought more",bull
t3_0108508,10/05/2021,AMC,"closed my AMC position, momentum is gone",bear
t3_0053617,21/04/2021,GME,any DD on $GME? new to this stock,neu
t3_0104102,02/04/2021,AMC,"$AMC again huh, this sub never sleeps",bear
t3_0000656,06/01/2021,GME,"GME is wild today, no idea where this goes",bear
t3_0117506,04/06/2021,AMC,idk man AMC is doing AMC things,bull
t3_0047116,05/04/2021,GME,$GME to the moon 🚀 said the bagholder before the dump,bear
t3_0127521,08/06/2021,AMC,"$AMC again huh, this sub never sleeps",bull
t3_0076049,01/07/2021,GME,GME 🚀🚀 puts and calls and whatever idk,neu
t3_0084339,03/08/2021,GME,$GME going to zero... TO THE MOON 🚀 (im not selling),bull
t3_0065190,09/06/2021,GME,anyone have the GME float numbers handy,neu
t3_0051311,12/04/2021,GME,idk man GME is doing GME things,bull
t3_0079669,14/07/2021,GME,is $GME still being talked about here? asking,neu
t3_0096099,10/02/2021,AMC,$AMC to the moon 🚀 said the bagholder before the dump,bear
t3_0047189,05/04/2021,GME,"watching $GME closely, could go either way 👀",bear
t3_0070956,24/06/2021,GME,"watching $GME closely, could go either way 👀",bear
t3_0136669,09/06/2021,AMC,🚀🚀🚀🚀🚀🚀 wen lambo 🦍🦍 to the mooooooon,neu
t3_0026929,29/01/2021,GME,"everyone says sell GME, so obviously i bought more",bull
t3_0116951,03/06/2021,AMC,"watching $AMC closely, could go either way 👀",bull
t3_0047495,06/04/2021,GME,"watching $GME closely, could go either way 👀",neu
t3_0041256,09/03/2021,GME,"$GME again huh, this sub never sleeps",bull
t3_0072075,25/06/2021,GME,"shorting $GME here, fundamentals are trash",bear
t3_0020938,27/01/2021,GME,$GME going to zero... TO THE MOON 🚀 (im not selling),bull
t3_0145305,10/08/2021,AMC,"$AMC chart looks crazy, anyone else seeing this",bull
t3_0007185,18/01/2021,GME,"$GME moon dump moon dump, pick one already",neu
t3_0050971,09/04/2021,GME,diamond hands on GME? more like paper hands incoming,bear
t3_0089467,26/08/2021,GME,🚀🚀🚀🚀🚀🚀 wen lambo 🦍🦍 to the mooooooon,neu
t3_0131500,09/06/2021,AMC,"AMC moving a lot, volume is insane rn",bull
t3_0108091,06/05/2021,AMC,"holding a small AMC position, watching for now",neu
t3_0087923,19/08/2021,GME,diamond hands on GME? more like paper hands incoming,bear
t3_0046671,02/04/2021,GME,GME is trash but im holding anyway lmao 💎🙌,bull
t3_0103339,29/03/2021,AMC,"$AMC chart looks crazy, anyone else seeing this",bear
t3_0095458,04/02/2021,AMC,"AMC moving a lot, volume is insane rn",neu
t3_0011120,22/01/2021,GME,check this https://t.co/abc123 not financial advice,neu
t3_0060836,26/05/2021,GME,"watching $GME closely, could go either way 👀",bull
t3_0057868,12/05/2021,GME,"watching $GME closely, could go either way 👀",neu
t3_0060863,26/05/2021,GME,"watching $GME closely, could go either way 👀",bull
t3_0066307,11/06/2021,GME,lol GME just game me some tendies bro 😂,neu
t3_0087666,18/08/2021,GME,"GME moving a lot, volume is insane rn",bull
t3_0003520,14/01/2021,GME,idk man GME is doing GME things,neu
t3_0128461,08/06/2021,AMC,"hold $AMC, never selling, this is the way",bull
t3_0084959,06/08/2021,GME,"GME moving a lot, volume is insane rn",neu
t3_0005225,18/01/2021,GME,"$GME chart looks crazy, anyone else seeing this",bear
t3_0043699,15/03/2021,GME,idk man GME is doing GME things,bear
t3_0135505,09/06/2021,AMC,AMC is trash but im holding anyway lmao 💎🙌,bull
t3_0129282,08/06/2021,AMC,$AMC going to zero... TO THE MOON 🚀 (im not selling),bull
t3_0069618,17/06/2021,GME,"GME bagholders about to get wrecked, short it",bear
t3_0048496,07/04/2021,GME,"$GME is overvalued, this bubble will pop hard",bear
t3_0055846,03/05/2021,GME,GME is trash but im holding anyway lmao 💎🙌,bull
t3_0027316,01/02/2021,GME,"GME is wild today, no idea where this goes",bear
t3_0124751,08/06/2021,AMC,AMC is trash but im holding anyway lmao 💎🙌,bull
t3_0105635,13/04/2021,AMC,"AMC is wild today, no idea where this goes",bull
t3_0074242,28/06/2021,GME,"shorting $GME here, fundamentals are trash",bear
t3_0006288,18/01/2021,GME,"$GME is overvalued, this bubble will pop hard",bear
t3_0116696,03/06/2021,AMC,idk man AMC is doing AMC things,bull
t3_0075778,01/07/2021,GME,buy the dip they said... GME keeps dipping 📉,bear
t3_0006277,18/01/2021,GME,"shorting $GME here, fundamentals are trash",bear
t3_0029415,09/02/2021,GME,"sold all my $GME, taking profits before the dump",bear
t3_0126149,08/06/2021,AMC,"$AMC gamma squeeze incoming, hedgies are done. YOLO 100k",bull
t3_0023676,28/01/2021,GME,GME 🚀🚀 puts and calls and whatever idk,neu
t3_0095603,05/02/2021,AMC,"holding a small AMC position, watching for now",neu
t3_0132194,09/06/2021,AMC,"AMC is wild today, no idea where this goes",bull
t3_0047187,05/04/2021,GME,"GME is wild today, no idea where this goes",bear
t3_0016428,25/01/2021,GME,"hold $GME, never selling, this is the way",bull
t3_0124744,08/06/2021,AMC,"hold $AMC, never selling, this is the way",bull
t3_0084209,03/08/2021,GME,"all in on GME leaps, retail is winning this one",bull
t3_0015578,25/01/2021,GME,what do you guys think about GME earnings next week,neu
t3_0081983,23/07/2021,GME,"$GME again huh, this sub never sleeps",bear
t3_0138579,11/06/2021,AMC,"$AMC chart looks crazy, anyone else seeing this",bull
t3_0074970,29/06/2021,GME,"$GME again huh, this sub never sleeps",bear
t3_0085191,09/08/2021,GME,"GME is wild today, no idea where this goes",bear
t3_0079917,14/07/2021,GME,is $GME still being talked about here? asking,neu
t3_0071715,25/06/2021,GME,"$GME going back to single digits, bearish af",bear
t3_0017663,26/01/2021,GME,"buying more $GME calls, this short squeeze is just starting",bull
t3_0104131,02/04/2021,AMC,"puts on AMC, the squeeze is over, dead cat bounce",bear
t3_0142634,13/07/2021,AMC,"neutral on AMC, waiting for a clearer signal",neu
t3_0056466,06/05/2021,GME,"neutral on GME, waiting for a clearer signal",neu
t3_0017897,26/01/2021,GME,lol GME just game me some tendies bro 😂,neu
t3_0044992,23/03/2021,GME,"GME volume looks normal today, sideways action",neu
t3_0021315,27/01/2021,GME,"watching $GME closely, could go either way 👀",neu
t3_0004303,15/01/2021,GME,idk man GME is doing GME things,bear
t3_0020655,27/01/2021,GME,GME 🚀🚀 puts and calls and whatever idk,neu
t3_0068392,15/06/2021,GME,"$GME moon dump moon dump, pick one already",neu
t3_0008906,22/01/2021,GME,"$GME chart looks crazy, anyone else seeing this",bull
t3_0103854,02/04/2021,AMC,"AMC is wild today, no idea where this goes",neu
t3_0141430,01/07/2021,AMC,"AMC moving a lot, volume is insane rn",bear
t3_0107584,30/04/2021,AMC,"$AMC chart looks crazy, anyone else seeing this",neu
t3_0074373,28/06/2021,GME,buy the dip they said... GME keeps dipping 📉,bear
t3_0100880,11/03/2021,AMC,AMC to the moon 🚀🚀 diamond hands hold the line,bull
t3_0058180,13/05/2021,GME,GME 🚀🚀 puts and calls and whatever idk,neu
t3_0003329,14/01/2021,GME,"GME moving a lot, volume is insane rn",neu
t3_0057627,12/05/2021,GME,"$GME gamma squeeze incoming, hedgies are done. YOLO 100k",bull
t3_0140880,28/06/2021,AMC,"AMC volume looks normal today, sideways action",neu
t3_0018113,26/01/2021,GME,check this https://t.co/abc123 not financial advice,neu
t3_0107755,04/05/2021,AMC,"neutral on AMC, waiting for a clearer signal",neu
t3_0097471,15/02/2021,AMC,"$AMC chart looks crazy, anyone else seeing this",bear
t3_0138674,11/06/2021,AMC,check this https://t.co/abc123 not financial advice,neu
t3_0144716,03/08/2021,AMC,"$AMC chart looks crazy, anyone else seeing this",bear
t3_0039783,09/03/2021,GME,"everyone says sell GME, so obviously i bought more",bull
t3_0035116,25/02/2021,GME,"watching $GME closely, could go either way 👀",bull
t3_0108682,11/05/2021,AMC,idk man AMC is doing AMC things,neu
t3_0005863,18/01/2021,GME,idk man GME is doing GME things,bear
t3_0049036,08/04/2021,GME,"GME volume looks normal today, sideways action",neu
t3_0099203,24/02/2021,AMC,"AMC is wild today, no idea where this goes",neu
t3_0141293,30/06/2021,AMC,"watching $AMC closely, could go either way 👀",neu
t3_0128039,08/06/2021,AMC,"AMC is wild today, no idea where this goes",bull
t3_0064788,09/06/2021,GME,"everyone says sell GME, so obviously i bought more",bull
t3_0065174,09/06/2021,GME,"GME is wild today, no idea where this goes",neu
t3_0129390,08/06/2021,AMC,"watching $AMC closely, could go either way 👀",bull
t3_0080446,15/07/2021,GME,"sold all my $GME, taking profits before the dump",bear
t3_0097462,15/02/2021,AMC,"$AMC going back to single digits, bearish af",bear
t3_0081112,19/07/2021,GME,"$GME chart looks crazy, anyone else seeing this",neu
t3_0015593,25/01/2021,GME,we like the stock 💎🙌 $GME price target 500 easy,bull
t3_0003933,15/01/2021,GME,"watching $GME closely, could go either way 👀",bear
t3_0004910,15/01/2021,GME,"$GME is overvalued, this bubble will pop hard",bear
t3_0093402,15/01/2021,AMC,"holding a small AMC position, watching for now",neu
t3_0078188,07/07/2021,GME,"$GME again huh, this sub never sleeps",bear
t3_0059580,19/05/2021,GME,$GME to the moon 🚀 said the bagholder before the dump,bear
t3_0129763,08/06/2021,AMC,"AMC is wild today, no idea where this goes",bull
t3_0003297,14/01/2021,GME,"GME moving a lot, volume is insane rn",bear
t3_0005487,18/01/2021,GME,diamond hands on GME? more like paper hands incoming,bear
t3_0086263,11/08/2021,GME,"$GME again huh, this sub never sleeps",neu
t3_0080174,15/07/2021,GME,"watching $GME closely, could go either way 👀",bear
t3_0079531,13/07/2021,GME,idk man GME is doing GME things,bear
t3_0090909,31/08/2021,GME,idk man GME is doing GME things,bear
t3_0047272,05/04/2021,GME,"closed my GME position, momentum is gone",bear
t3_0094368,25/01/2021,AMC,"watching $AMC closely, could go either way 👀",neu
t3_0087895,19/08/2021,GME,"loaded up on GME today, apes together strong 🦍",bull
t3_0003506,14/01/2021,GME,"$GME is overvalued, this bubble will pop hard",bear
t3_0102872,26/03/2021,AMC,AMC 🚀🚀 puts and calls and whatever idk,neu
t3_0079420,13/07/2021,GME,"GME is wild today, no idea where this goes",neu
t3_0144108,28/07/2021,AMC,"AMC bagholders about to get wrecked, short it",bear
t3_0029303,09/02/2021,GME,"sold all my $GME, taking profits before the dump",bear
t3_0003740,14/01/2021,GME,check this https://t.co/abc123 not financial advice,neu
t3_0118811,04/06/2021,AMC,$AMC going to zero... TO THE MOON 🚀 (im not selling),bull
t3_0004581,15/01/2021,GME,"closed my GME position, momentum is gone",bear
t3_0089968,30/08/2021,GME,buy the dip they said... GME keeps dipping 📉,bear
t3_0085184,09/08/2021,GME,"loaded up on GME today, apes together strong 🦍",bull
t3_0079366,12/07/2021,GME,"GME is wild today, no idea where this goes",neu
t3_0103442,29/03/2021,AMC,idk man AMC is doing AMC things,neu
t3_0101284,15/03/2021,AMC,we like the stock 💎🙌 $AMC price target 500 easy,bull
t3_0003000,14/01/2021,GME,idk man GME is doing GME things,bear
t3_0069110,16/06/2021,GME,"$GME options chain looks thin, low IV today",neu
t3_0081223,20/07/2021,GME,"watching $GME closely, could go either way 👀",neu
t3_0047778,06/04/2021,GME,"GME is wild today, no idea where this goes",neu
t3_0062594,31/05/2021,GME,"watching $GME closely, could go either way 👀",neu
t3_0053535,21/04/2021,GME,"$GME chart looks crazy, anyone else seeing this",neu
t3_0012343,22/01/2021,GME,"GME is wild today, no idea where this goes",bull
t3_0014821,22/01/2021,GME,"GME is wild today, no idea where this goes",neu
t3_0024193,29/01/2021,GME,"watching $GME closely, could go either way 👀",bull
t3_0143335,20/07/2021,AMC,$AMC to the moon 🚀 said the bagholder before the dump,bear
t3_0026490,29/01/2021,GME,"buying more $GME calls, this short squeeze is just starting",bull
t3_0079180,12/07/2021,GME,"$GME chart looks crazy, anyone else seeing this",neu
t3_0087661,18/08/2021,GME,anyone have the GME float numbers handy,neu
t3_0032684,17/02/2021,GME,"sold all my $GME, taking profits before the dump",bear
t3_0102404,24/03/2021,AMC,"closed my AMC position, momentum is gone",bear
t3_0035903,01/03/2021,GME,we like the stock 💎🙌 $GME price target 500 easy,bull
t3_0008585,22/01/2021,GME,"$GME again huh, this sub never sleeps",bull
t3_0036611,03/03/2021,GME,"everyone says sell GME, so obviously i bought more",bull
t3_0108159,07/05/2021,AMC,check this https://t.co/abc123 not financial advice,neu
t3_0002087,14/01/2021,GME,"GME moving a lot, volume is insane rn",bear
t3_0087167,17/08/2021,GME,"GME is wild today, no idea where this goes",neu
t3_0130202,08/06/2021,AMC,"$AMC gamma squeeze incoming, hedgies are done. YOLO 100k",bull
t3_0144042,28/07/2021,AMC,"AMC bagholders about to get wrecked, short it",bear
t3_0027465,02/02/2021,GME,"shorting $GME here, fundamentals are trash",bear
t3_0081935,22/07/2021,GME,idk man GME is doing GME things,bear
t3_0105240,08/04/2021,AMC,🚀🚀🚀🚀🚀🚀 wen lambo 🦍🦍 to the mooooooon,neu
t3_0083051,27/07/2021,GME,"$GME chart looks crazy, anyone else seeing this",bull
t3_0003809,14/01/2021,GME,$GME to the moon 🚀 said the bagholder before the dump,bear
t3_0070512,23/06/2021,GME,"GME moving a lot, volume is insane rn",bear
t3_0031604,16/02/2021,GME,"puts on GME, the squeeze is over, dead cat bounce",bear
t3_0045695,26/03/2021,GME,"shorting $GME here, fundamentals are trash",bear
t3_0037866,08/03/2021,GME,"$GME breaking resistance, tendies on the way 🤑",bull
t3_0125166,08/06/2021,AMC,idk man AMC is doing AMC things,bull
t3_0110495,28/05/2021,AMC,"all in on AMC leaps, retail is winning this one",bull
t3_0074082,28/06/2021,GME,check this https://t.co/abc123 not financial advice,neu
t3_0062301,31/05/2021,GME,buy the dip they said... GME keeps dipping 📉,bear
t3_0088400,23/08/2021,GME,diamond hands on GME? more like paper hands incoming,bear
t3_0008286,21/01/2021,GME,"watching $GME closely, could go either way 👀",bear
t3_0078718,09/07/2021,GME,any DD on $GME? new to this stock,neu
t3_0113551,01/06/2021,AMC,$AMC going to zero... TO THE MOON 🚀 (im not selling),bull
t3_0069494,17/06/2021,GME,idk man GME is doing GME things,bear
t3_0055100,28/04/2021,GME,"$GME moon dump moon dump, pick one already",neu
t3_0096012,09/02/2021,AMC,AMC 🚀🚀 puts and calls and whatever idk,neu
t3_0112597,01/06/2021,AMC,"watching $AMC closely, could go either way 👀",bull
t3_0147432,27/08/2021,AMC,any DD on $AMC? new to this stock,neu
t3_0062885,31/05/2021,GME,buy the dip they said... GME keeps dipping 📉,bear
t3_0097406,15/02/2021,AMC,idk man AMC is doing AMC things,bear
t3_0018174,26/01/2021,GME,"$GME again huh, this sub never sleeps",bull
t3_0031968,16/02/2021,GME,"GME bagholders about to get wrecked, short it",bear
t3_0074266,28/06/2021,GME,"GME is wild today, no idea where this goes",bear
t3_0142987,15/07/2021,AMC,$AMC going to zero... TO THE MOON 🚀 (im not selling),bull
t3_0091665,31/08/2021,GME,"shorting $GME here, fundamentals are trash",bear
t3_0044675,19/03/2021,GME,"$GME breaking resistance, tendies on the way 🤑",bull
t3_0077607,06/07/2021,GME,"$GME again huh, this sub never sleeps",bear
t3_0091538,31/08/2021,GME,"watching $GME closely, could go either way 👀",bear
t3_0030195,11/02/2021,GME,"$GME breaking resistance, tendies on the way 🤑",bull
t3_0106000,16/04/2021,AMC,"$AMC moon dump moon dump, pick one already",neu
t3_0060720,25/05/2021,GME,"$GME breaking resistance, tendies on the way 🤑",bull
t3_0140133,21/06/2021,AMC,"$AMC chart looks crazy, anyone else seeing this",bear
t3_0112918,01/06/2021,AMC,"$AMC again huh, this sub never sleeps",bull
t3_0143879,26/07/2021,AMC,$AMC going to zero... TO THE MOON 🚀 (im not selling),bull
t3_0029179,09/02/2021,GME,buy the dip they said... GME keeps dipping 📉,bear
t3_0132638,09/06/2021,AMC,"AMC moving a lot, volume is insane rn",bull
t3_0015263,25/01/2021,GME,"everyone says sell GME, so obviously i bought more",bull
t3_0096277,11/02/2021,AMC,"$AMC chart looks crazy, anyone else seeing this",bear
t3_0118204,04/06/2021,AMC,"all in on AMC leaps, retail is winning this one",bull
t3_0074647,29/06/2021,GME,$GME to the moon 🚀 said the bagholder before the dump,bear
t3_0000918,07/01/2021,GME,"sold all my $GME, taking profits before the dump",bear
t3_0059816,20/05/2021,GME,"watching $GME closely, could go either way 👀",bear
t3_0072903,28/06/2021,GME,"GME is wild today, no idea where this goes",bear
t3_0087978,19/08/2021,GME,"GME is wild today, no idea where this goes",bear
t3_0029663,11/02/2021,GME,"watching $GME closely, could go either way 👀",bull
t3_0006851,18/01/2021,GME,idk man GME is doing GME things,bear
t3_0143442,20/07/2021,AMC,"AMC volume looks normal today, sideways action",neu
t3_0046012,29/03/2021,GME,"$GME again huh, this sub never sleeps",neu
t3_0005921,18/01/2021,GME,"neutral on GME, waiting for a clearer signal",neu
t3_0054965,28/04/2021,GME,"$GME breaking resistance, tendies on the way 🤑",bull
t3_0112926,01/06/2021,AMC,AMC to the moon 🚀🚀 diamond hands hold the line,bull
t3_0148265,31/08/2021,AMC,"watching $AMC closely, could go either way 👀",bear
t3_0011848,22/01/2021,GME,idk man GME is doing GME things,bull
t3_0041575,09/03/2021,GME,"watching $GME closely, could go either way 👀",bull
t3_0104138,02/04/2021,AMC,diamond hands on AMC? more like paper hands incoming,bear
t3_0008754,22/01/2021,GME,"$GME again huh, this sub never sleeps",bull
t3_0010394,22/01/2021,GME,"BB big buy on everything, no ticker here",neu
t3_0075774,01/07/2021,GME,"$GME is overvalued, this bubble will pop hard",bear
t3_0029529,10/02/2021,GME,lol GME just game me some tendies bro 😂,neu
t3_0132526,09/06/2021,AMC,🚀🚀🚀🚀🚀🚀 wen lambo 🦍🦍 to the mooooooon,neu
t3_0037557,08/03/2021,GME,"GME is wild today, no idea where this goes",bull
t3_0061885,27/05/2021,GME,"$GME chart looks crazy, anyone else seeing this",bear
t3_0054766,28/04/2021,GME,"$GME moon dump moon dump, pick one already",neu
t3_0047087,05/04/2021,GME,"GME moving a lot, volume is insane rn",bear
t3_0055519,30/04/2021,GME,GME 🚀🚀 puts and calls and whatever idk,neu
t3_0124329,08/06/2021,AMC,"$AMC chart looks crazy, anyone else seeing this",bull
t3_0121416,07/06/2021,AMC,we like the stock 💎🙌 $AMC price target 500 easy,bull
t3_0104393,02/04/2021,AMC,$AMC to the moon 🚀 said the bagholder before the dump,bear
t3_0058781,17/05/2021,GME,"$GME again huh, this sub never sleeps",bear
t3_0067417,14/06/2021,GME,$GME going to zero... TO THE MOON 🚀 (im not selling),bull
t3_0044547,19/03/2021,GME,GME is trash but im holding anyway lmao 💎🙌,bull
t3_0137981,10/06/2021,AMC,"watching $AMC closely, could go either way 👀",bull
t3_0144248,29/07/2021,AMC,"shorting $AMC here, fundamentals are trash",bear
t3_0086363,12/08/2021,GME,"buying more $GME calls, this short squeeze is just starting",bull
t3_0108474,10/05/2021,AMC,idk man AMC is doing AMC things,neu
t3_0090257,31/08/2021,GME,$GME to the moon 🚀 said the bagholder before the dump,bear
t3_0084962,06/08/2021,GME,"$GME chart looks crazy, anyone else seeing this",bull
t3_0084129,02/08/2021,GME,"closed my GME position, momentum is gone",bear
t3_0034675,24/02/2021,GME,"$GME breaking resistance, tendies on the way 🤑",bull
t3_0071810,25/06/2021,GME,GME 🚀🚀 puts and calls and whatever idk,neu
t3_0057756,12/05/2021,GME,"$GME moon dump moon dump, pick one already",neu
t3_0057645,12/05/2021,GME,"GME is wild today, no idea where this goes",neu
t3_0106381,20/04/2021,AMC,"everyone says sell AMC, so obviously i bought more",bull
t3_0117995,04/06/2021,AMC,AMC is trash but im holding anyway lmao 💎🙌,bull
t3_0020455,27/01/2021,GME,"GME moving a lot, volume is insane rn",bull
t3_0110809,28/05/2021,AMC,"everyone says sell AMC, so obviously i bought more",bull
t3_0145441,12/08/2021,AMC,lol GME just game me some tendies bro 😂,neu
t3_0137051,10/06/2021,AMC,"AMC moving a lot, volume is insane rn",bull
t3_0003923,15/01/2021,GME,"shorting $GME here, fundamentals are trash",bear
t3_0048770,07/04/2021,GME,"closed my GME position, momentum is gone",bear
t3_0061750,27/05/2021,GME,buy the dip they said... GME keeps dipping 📉,bear
t3_0146401,20/08/2021,AMC,diamond hands on AMC? more like paper hands incoming,bear
t3_0133630,09/06/2021,AMC,"AMC is wild today, no idea where this goes",bull
t3_0106042,16/04/2021,AMC,"AMC moving a lot, volume is insane rn",bull
t3_0130362,08/06/2021,AMC,$AMC going to zero... TO THE MOON 🚀 (im not selling),bull
t3_0051033,09/04/2021,GME,"watching $GME closely, could go either way 👀",bear
t3_0004286,15/01/2021,GME,idk man GME is doing GME things,bear
t3_0145721,13/08/2021,AMC,AMC 🚀🚀 puts and calls and whatever idk,neu
t3_0141970,06/07/2021,AMC,"AMC moving a lot, volume is insane rn",neu
t3_0123588,08/06/2021,AMC,idk man AMC is doing AMC things,bull
t3_0049027,08/04/2021,GME,"GME bagholders about to get wrecked, short it",bear
t3_0100670,09/03/2021,AMC,"$AMC moon dump moon dump, pick one already",neu
t3_0036514,03/03/2021,GME,"puts on GME, the squeeze is over, dead cat bounce",bear
t3_0020273,27/01/2021,GME,"$GME gamma squeeze incoming, hedgies are done. YOLO 100k",bull
t3_0139087,15/06/2021,AMC,idk man AMC is doing AMC things,bear
t3_0030826,12/02/2021,GME,idk man GME is doing GME things,bull
t3_0140526,24/06/2021,AMC,"$AMC again huh, this sub never sleeps",bull
t3_0047421,06/04/2021,GME,idk man GME is doing GME things,neu
t3_0014315,22/01/2021,GME,"buying more $GME calls, this short squeeze is just starting",bull
t3_0025646,29/01/2021,GME,"watching $GME closely, could go either way 👀",bull
t3_0069958,18/06/2021,GME,GME 🚀🚀 puts and calls and whatever idk,neu
t3_0096475,12/02/2021,AMC,AMC 🚀🚀 puts and calls and whatever idk,neu
t3_0083161,28/07/2021,GME,"watching $GME closely, could go either way 👀",neu
t3_0054493,27/04/2021,GME,"everyone says sell GME, so obviously i bought more",bull
t3_0033495,19/02/2021,GME,any DD on $GME? new to this stock,neu
t3_0069863,18/06/2021,GME,idk man GME is doing GME things,bull
t3_0008134,20/01/2021,GME,idk man GME is doing GME things,bear
t3_0100907,12/03/2021,AMC,"AMC moving a lot, volume is insane rn",bear
t3_0097947,15/02/2021,AMC,"AMC moving a lot, volume is insane rn",bear
t3_0077301,05/07/2021,GME,"GME moving a lot, volume is insane rn",neu
t3_0060745,25/05/2021,GME,any DD on $GME? new to this stock,neu
t3_0033953,22/02/2021,GME,anyone have the GME float numbers handy,neu
t3_0091418,31/08/2021,GME,buy the dip they said... GME keeps dipping 📉,bear
t3_0090540,31/08/2021,GME,$GME to the moon 🚀 said the bagholder before the dump,bear
t3_0015622,25/01/2021,GME,check this https://t.co/abc123 not financial advice,neu
t3_0004625,15/01/2021,GME,"closed my GME position, momentum is gone",bear
t3_0084639,04/08/2021,GME,what do you guys think about GME earnings next week,neu
t3_0084284,03/08/2021,GME,idk man GME is doing GME things,neu
t3_0076667,01/07/2021,GME,idk man GME is doing GME things,bear
t3_0118613,04/06/2021,AMC,"watching $AMC closely, could go either way 👀",bull
t3_0145673,13/08/2021,AMC,"watching $AMC closely, could go either way 👀",bear
t3_0028171,05/02/2021,GME,diamond hands on GME? more like paper hands incoming,bear
t3_0127646,08/06/2021,AMC,"$AMC chart looks crazy, anyone else seeing this",bull
t3_0005145,15/01/2021,GME,"watching $GME closely, could go either way 👀",bear
t3_0101204,15/03/2021,AMC,anyone have the AMC float numbers handy,neu
t3_0090058,30/08/2021,GME,check this https://t.co/abc123 not financial advice,neu
t3_0139946,18/06/2021,AMC,"$AMC moon dump moon dump, pick one already",neu
t3_0076369,01/07/2021,GME,"$GME chart looks crazy, anyone else seeing this",bear
t3_0036922,04/03/2021,GME,"$GME chart looks crazy, anyone else seeing this",neu
t3_0103071,26/03/2021,AMC,"$AMC going back to single digits, bearish af",bear
t3_0003956,15/01/2021,GME,$GME to the moon 🚀 said the bagholder before the dump,bear
t3_0138764,14/06/2021,AMC,"this AMC pump is fake, insiders dumping on retail",bear
t3_0094993,29/01/2021,AMC,"AMC is wild today, no idea where this goes",neu
t3_0010597,22/01/2021,GME,"watching $GME closely, could go either way 👀",bull
t3_0074212,28/06/2021,GME,"shorting $GME here, fundamentals are trash",bear
t3_0010319,22/01/2021,GME,check this https://t.co/abc123 not financial advice,neu
t3_0040068,09/03/2021,GME,we like the stock 💎🙌 $GME price target 500 easy,bull
t3_0051898,14/04/2021,GME,"watching $GME closely, could go either way 👀",bear
t3_0075182,29/06/2021,GME,"$GME again huh, this sub never sleeps",bear
t3_0052807,19/04/2021,GME,"holding a small GME position, watching for now",neu
t3_0032114,16/02/2021,GME,$GME to the moon 🚀 said the bagholder before the dump,bear
t3_0052199,15/04/2021,GME,"holding a small GME position, watching for now",neu
t3_0070791,24/06/2021,GME,"$GME chart looks crazy, anyone else seeing this",neu
t3_0070254,21/06/2021,GME,"$GME again huh, this sub never sleeps",bear
t3_0078252,07/07/2021,GME,"$GME moon dump moon dump, pick one already",neu
t3_0142917,14/07/2021,AMC,"$AMC moon dump moon dump, pick one already",neu
t3_0007681,19/01/2021,GME,$GME to the moon 🚀 said the bagholder before the dump,bear
t3_0052618,16/04/2021,GME,"watching $GME closely, could go either way 👀",neu
t3_0042136,10/03/2021,GME,"$GME chart looks crazy, anyone else seeing this",neu
t3_0124353,08/06/2021,AMC,"AMC moving a lot, volume is insane rn",bull
t3_0023567,28/01/2021,GME,idk man GME is doing GME things,bull
t3_0118064,04/06/2021,AMC,idk man AMC is doing AMC things,bull
t3_0147351,27/08/2021,AMC,"$AMC moon dump moon dump, pick one already",neu
t3_0141950,06/07/2021,AMC,"everyone says sell AMC, so obviously i bought more",bull
t3_0064355,07/06/2021,GME,anyone have the GME float numbers handy,neu
t3_0030042,11/02/2021,GME,$GME going to zero... TO THE MOON 🚀 (im not selling),bull
t3_0070557,23/06/2021,GME,"GME bagholders about to get wrecked, short it",bear
t3_0026622,29/01/2021,GME,$GME going to zero... TO THE MOON 🚀 (im not selling),bull
t3_0144055,28/07/2021,AMC,"$AMC again huh, this sub never sleeps",neu
t3_0069454,17/06/2021,GME,"buying more $GME calls, this short squeeze is just starting",bull
t3_0086598,13/08/2021,GME,🚀🚀🚀🚀🚀🚀 wen lambo 🦍🦍 to the mooooooon,neu
t3_0015824,25/01/2021,GME,"everyone says sell GME, so obviously i bought more",bull
t3_0085490,10/08/2021,GME,"$GME again huh, this sub never sleeps",neu
t3_0072862,28/06/2021,GME,"closed my GME position, momentum is gone",bear
t3_0007066,18/01/2021,GME,"watching $GME closely, could go either way 👀",neu
t3_0056766,07/05/2021,GME,"GME is wild today, no idea where this goes",neu
t3_0070892,24/06/2021,GME,"watching $GME closely, could go either way 👀",neu
t3_0002490,14/01/2021,GME,"GME bagholders about to get wrecked, short it",bear
t3_0036598,03/03/2021,GME,"GME is wild today, no idea where this goes",neu
t3_0052091,15/04/2021,GME,$GME to the moon 🚀 said the bagholder before the dump,bear
t3_0073416,28/06/2021,GME,"$GME moon dump moon dump, pick one already",neu
t3_0076779,01/07/2021,GME,diamond hands on GME? more like paper hands incoming,bear
t3_0064353,07/06/2021,GME,"neutral on GME, waiting for a clearer signal",neu
t3_0097656,15/02/2021,AMC,"puts on AMC, the squeeze is over, dead cat bounce",bear
t3_0147726,30/08/2021,AMC,"AMC is wild today, no idea where this goes",bear
t3_0137175,10/06/2021,AMC,idk man AMC is doing AMC things,bull
t3_0120333,07/06/2021,AMC,"BB big buy on everything, no ticker here",neu
t3_0096190,11/02/2021,AMC,$AMC to the moon 🚀 said the bagholder before the dump,bear
t3_0067274,14/06/2021,GME,idk man GME is doing GME things,bear
t3_0099136,23/02/2021,AMC,"AMC moving a lot, volume is insane rn",neu
t3_0101585,18/03/2021,AMC,"AMC moving a lot, volume is insane rn",neu
t3_0078754,09/07/2021,GME,"GME bagholders about to get wrecked, short it",bear
t3_0075966,01/07/2021,GME,"this GME pump is fake, insiders dumping on retail",bear
t3_0019362,26/01/2021,GME,we like the stock 💎🙌 $GME price target 500 easy,bull
t3_0009963,22/01/2021,GME,"GME is wild today, no idea where this goes",bull
t3_0111834,01/06/2021,AMC,AMC is trash but im holding anyway lmao 💎🙌,bull
t3_0138561,11/06/2021,AMC,"$AMC chart looks crazy, anyone else seeing this",bear
t3_0010948,22/01/2021,GME,"GME moving a lot, volume is insane rn",bull
t3_0117262,04/06/2021,AMC,"$AMC again huh, this sub never sleeps",bull
t3_0078651,09/07/2021,GME,"shorting $GME here, fundamentals are trash",bear
t3_0084899,05/08/2021,GME,"watching $GME closely, could go either way 👀",neu
t3_0095108,01/02/2021,AMC,"$AMC chart looks crazy, anyone else seeing this",neu
t3_0064914,09/06/2021,GME,idk man GME is doing GME things,bull
t3_0124557,08/06/2021,AMC,AMC is trash but im holding anyway lmao 💎🙌,bull
t3_0002049,14/01/2021,GME,"puts on GME, the squeeze is over, dead cat bounce",bear
t3_0109332,18/05/2021,AMC,"$AMC again huh, this sub never sleeps",neu
t3_0067114,11/06/2021,GME,"$GME chart looks crazy, anyone else seeing this",bull
t3_0075699,01/07/2021,GME,GME 🚀🚀 puts and calls and whatever idk,neu
t3_0113800,01/06/2021,AMC,"hold $AMC, never selling, this is the way",bull
t3_0001307,08/01/2021,GME,$GME going to zero... TO THE MOON 🚀 (im not selling),bull
t3_0144353,30/07/2021,AMC,AMC 🚀🚀 puts and calls and whatever idk,neu
t3_0108893,12/05/2021,AMC,is $AMC still being talked about here? asking,neu
t3_0044272,18/03/2021,GME,"$GME moon dump moon dump, pick one already",neu
t3_0116771,03/06/2021,AMC,"loaded up on AMC today, apes together strong 🦍",bull
t3_0031451,15/02/2021,GME,"shorting $GME here, fundamentals are trash",bear
t3_0052980,20/04/2021,GME,"BB big buy on everything, no ticker here",neu
t3_0039415,09/03/2021,GME,"watching $GME closely, could go either way 👀",bull
t3_0052432,16/04/2021,GME,what do you guys think about GME earnings next week,neu
t3_0009339,22/01/2021,GME,we like the stock 💎🙌 $GME price target 500 easy,bull
t3_0049413,08/04/2021,GME,"GME is wild today, no idea where this goes",bear
t3_0132216,09/06/2021,AMC,we like the stock 💎🙌 $AMC price target 500 easy,bull
t3_0081485,21/07/2021,GME,"$GME chart looks crazy, anyone else seeing this",bear
t3_0025680,29/01/2021,GME,🚀🚀🚀🚀🚀🚀 wen lambo 🦍🦍 to the mooooooon,neu
t3_0044114,17/03/2021,GME,is $GME still being talked about here? asking,neu
t3_0073767,28/06/2021,GME,"GME is wild today, no idea where this goes",bear
t3_0034293,24/02/2021,GME,"$GME chart looks crazy, anyone else seeing this",bull
t3_0016377,25/01/2021,GME,"GME moving a lot, volume is insane rn",bull
t3_0023741,29/01/2021,GME,"GME moving a lot, volume is insane rn",neu
t3_0039358,09/03/2021,GME,"all in on GME leaps, retail is winning this one",bull
t3_0027381,02/02/2021,GME,"GME is wild today, no idea where this goes",bull
t3_0080030,15/07/2021,GME,"$GME chart looks crazy, anyone else seeing this",bear
t3_0108815,12/05/2021,AMC,"$AMC moon dump moon dump, pick one already",neu
t3_0092724,12/01/2021,AMC,"AMC moving a lot, volume is insane rn",bull
t3_0095092,01/02/2021,AMC,what do you guys think about AMC earnings next week,neu
t3_0007393,19/01/2021,GME,"puts on GME, the squeeze is over, dead cat bounce",bear
t3_0081385,20/07/2021,GME,GME 🚀🚀 puts and calls and whatever idk,neu
t3_0062295,31/05/2021,GME,idk man GME is doing GME things,bear
t3_0070682,23/06/2021,GME,"$GME chart looks crazy, anyone else seeing this",bear
t3_0140717,25/06/2021,AMC,"AMC moving a lot, volume is insane rn",neu
t3_0118185,04/06/2021,AMC,"all in on AMC leaps, retail is winning this one",bull
t3_0101912,19/03/2021,AMC,diamond hands on AMC? more like paper hands incoming,bear
t3_0070749,24/06/2021,GME,$GME to the moon 🚀 said the bagholder before the dump,bear
t3_0020677,27/01/2021,GME,"$GME chart looks crazy, anyone else seeing this",bull
t3_0130410,08/06/2021,AMC,"$AMC chart looks crazy, anyone else seeing this",bull
t3_0128857,08/06/2021,AMC,🚀🚀🚀🚀🚀🚀 wen lambo 🦍🦍 to the mooooooon,neu
t3_0098019,15/02/2021,AMC,$AMC to the moon 🚀 said the bagholder before the dump,bear
t3_0004701,15/01/2021,GME,"sold all my $GME, taking profits before the dump",bear
t3_0004142,15/01/2021,GME,buy the dip they said... GME keeps dipping 📉,bear
t3_0011348,22/01/2021,GME,idk man GME is doing GME things,bull
t3_0055311,29/04/2021,GME,GME 🚀🚀 puts and calls and whatever idk,neu
t3_0086425,12/08/2021,GME,idk man GME is doing GME things,neu
t3_0098903,19/02/2021,AMC,"$AMC moon dump moon dump, pick one already",neu
t3_0140597,24/06/2021,AMC,"loaded up on AMC today, apes together strong 🦍",bull
t3_0000887,07/01/2021,GME,"holding a small GME position, watching for now",neu
t3_0127653,08/06/2021,AMC,idk man AMC is doing AMC things,bull
t3_0072849,28/06/2021,GME,idk man GME is doing GME things,bear
t3_0104681,05/04/2021,AMC,AMC 🚀🚀 puts and calls and whatever idk,neu
t3_0008239,20/01/2021,GME,"watching $GME closely, could go either way 👀",neu
t3_0082678,26/07/2021,GME,"GME volume looks normal today, sideways action",neu
t3_0000733,07/01/2021,GME,buy the dip they said... GME keeps dipping 📉,bear
t3_0049070,08/04/2021,GME,idk man GME is doing GME things,neu
t3_0067292,14/06/2021,GME,"$GME options chain looks thin, low IV today",neu
t3_0004893,15/01/2021,GME,"shorting $GME here, fundamentals are trash",bear
t3_0047301,05/04/2021,GME,"this GME pump is fake, insiders dumping on retail",bear
t3_0087897,19/08/2021,GME,diamond hands on GME? more like paper hands incoming,bear
t3_0013629,22/01/2021,GME,"GME moving a lot, volume is insane rn",bull
t3_0044278,18/03/2021,GME,is $GME still being talked about here? asking,neu
t3_0044597,19/03/2021,GME,"watching $GME closely, could go either way 👀",neu
t3_0014840,22/01/2021,GME,"$GME chart looks crazy, anyone else seeing this",bull
t3_0001179,07/01/2021,GME,"shorting $GME here, fundamentals are trash",bear
t3_0123217,08/06/2021,AMC,"$AMC breaking resistance, tendies on the way 🤑",bull
t3_0113136,01/06/2021,AMC,"$AMC chart looks crazy, anyone else seeing this",bull
t3_0139564,17/06/2021,AMC,"$AMC chart looks crazy, anyone else seeing this",bear
t3_0042417,10/03/2021,GME,"$GME again huh, this sub never sleeps",neu
t3_0139637,17/06/2021,AMC,"AMC moving a lot, volume is insane rn",bear
t3_0028980,09/02/2021,GME,"watching $GME closely, could go either way 👀",bear
t3_0091288,31/08/2021,GME,"GME is wild today, no idea where this goes",bear
t3_0036458,02/03/2021,GME,"everyone says sell GME, so obviously i bought more",bull
t3_0138957,14/06/2021,AMC,"AMC moving a lot, volume is insane rn",neu
t3_0021090,27/01/2021,GME,"loaded up on GME today, apes together strong 🦍",bull
t3_0050324,09/04/2021,GME,"$GME chart looks crazy, anyone else seeing this",bear
t3_0068999,16/06/2021,GME,"$GME chart looks crazy, anyone else seeing this",bull
t3_0083757,30/07/2021,GME,"everyone says sell GME, so obviously i bought more",bull
t3_0085107,06/08/2021,GME,lol GME just game me some tendies bro 😂,neu
t3_0080808,16/07/2021,GME,"$GME is overvalued, this bubble will pop hard",bear
t3_0032635,17/02/2021,GME,lol GME just game me some tendies bro 😂,neu
t3_0104680,05/04/2021,AMC,"$AMC again huh, this sub never sleeps",bear
t3_0146728,24/08/2021,AMC,AMC 🚀🚀 puts and calls and whatever idk,neu
t3_0002140,14/01/2021,GME,lol GME just game me some tendies bro 😂,neu
t3_0095358,03/02/2021,AMC,"AMC moving a lot, volume is insane rn",bull
t3_0088547,23/08/2021,GME,"closed my GME position, momentum is gone",bear
t3_0067840,14/06/2021,GME,🚀🚀🚀🚀🚀🚀 wen lambo 🦍🦍 to the mooooooon,neu
t3_0064162,04/06/2021,GME,"all in on GME leaps, retail is winning this one",bull
t3_0106281,19/04/2021,AMC,"AMC moving a lot, volume is insane rn",neu
t3_0032754,18/02/2021,GME,"GME moving a lot, volume is insane rn",neu
t3_0019488,26/01/2021,GME,anyone have the GME float numbers handy,neu
t3_0115363,02/06/2021,AMC,"$AMC chart looks crazy, anyone else seeing this",neu
t3_0140205,21/06/2021,AMC,"$AMC again huh, this sub never sleeps",neu
t3_0129518,08/06/2021,AMC,"$AMC again huh, this sub never sleeps",bull
t3_0048392,07/04/2021,GME,"GME is wild today, no idea where this goes",bear
t3_0003571,14/01/2021,GME,"GME volume looks normal today, sideways action",neu
t3_0032358,16/02/2021,GME,"$GME chart looks crazy, anyone else seeing this",bear
t3_0103051,26/03/2021,AMC,"AMC moving a lot, volume is insane rn",bear
t3_0088603,24/08/2021,GME,"$GME chart looks crazy, anyone else seeing this",bear
t3_0093277,14/01/2021,AMC,what do you guys think about AMC earnings next week,neu
t3_0044972,23/03/2021,GME,lol GME just game me some tendies bro 😂,neu
t3_0102094,22/03/2021,AMC,"everyone says sell AMC, so obviously i bought more",bull
t3_0081240,20/07/2021,GME,"GME moving a lot, volume is insane rn",bear
t3_0067384,14/06/2021,GME,"$GME moon dump moon dump, pick one already",neu
t3_0104109,02/04/2021,AMC,"closed my AMC position, momentum is gone",bear
t3_0093575,18/01/2021,AMC,"sold all my $AMC, taking profits before the dump",bear
t3_0020915,27/01/2021,GME,GME 🚀🚀 puts and calls and whatever idk,neu
t3_0114159,01/06/2021,AMC,"buying more $AMC calls, this short squeeze is just starting",bull
t3_0053630,21/04/2021,GME,"sold all my $GME, taking profits before the dump",bear
t3_0033697,19/02/2021,GME,"$GME gamma squeeze incoming, hedgies are done. YOLO 100k",bull
t3_0079095,09/07/2021,GME,"GME is wild today, no idea where this goes",bear
t3_0099278,24/02/2021,AMC,$AMC to the moon 🚀 said the bagholder before the dump,bear
t3_0128811,08/06/2021,AMC,"$AMC again huh, this sub never sleeps",neu
t3_0084904,05/08/2021,GME,"closed my GME position, momentum is gone",bear
t3_0005171,15/01/2021,GME,$GME to the moon 🚀 said the bagholder before the dump,bear
t3_0030524,11/02/2021,GME,"watching $GME closely, could go either way 👀",bull
t3_0073797,28/06/2021,GME,idk man GME is doing GME things,bear
t3_0074024,28/06/2021,GME,"sold all my $GME, taking profits before the dump",bear
t3_0099246,24/02/2021,AMC,"AMC is wild today, no idea where this goes",bear
t3_0050013,08/04/2021,GME,"watching $GME closely, could go either way 👀",bear
t3_0057799,12/05/2021,GME,"$GME moon dump moon dump, pick one already",neu
t3_0140246,21/06/2021,AMC,"$AMC options chain looks thin, low IV today",neu
t3_0060751,25/05/2021,GME,"everyone says sell GME, so obviously i bought more",bull
t3_0057768,12/05/2021,GME,"GME is wild today, no idea where this goes",neu
t3_0089409,26/08/2021,GME,"GME moving a lot, volume is insane rn",neu
t3_0099753,01/03/2021,AMC,"$AMC chart looks crazy, anyone else seeing this",bull
t3_0145094,06/08/2021,AMC,🚀🚀🚀🚀🚀🚀 wen lambo 🦍🦍 to the mooooooon,neu
t3_0048178,07/04/2021,GME,"puts on GME, the squeeze is over, dead cat bounce",bear
t3_0069515,17/06/2021,GME,GME 🚀🚀 puts and calls and whatever idk,neu
t3_0025470,29/01/2021,GME,"GME moving a lot, volume is insane rn",bull
t3_0095256,02/02/2021,AMC,lol GME just game me some tendies bro 😂,neu
t3_0005141,15/01/2021,GME,check this https://t.co/abc123 not financial advice,neu
t3_0063582,03/06/2021,GME,$GME to the moon 🚀 said the bagholder before the dump,bear
t3_0015206,22/01/2021,GME,"GME is wild today, no idea where this goes",bull
t3_0096786,15/02/2021,AMC,$AMC to the moon 🚀 said the bagholder before the dump,bear
t3_0043607,15/03/2021,GME,"$GME moon dump moon dump, pick one already",neu
t3_0001235,08/01/2021,GME,"$GME is overvalued, this bubble will pop hard",bear
t3_0139145,15/06/2021,AMC,"$AMC again huh, this sub never sleeps",neu
t3_0135253,09/06/2021,AMC,"hold $AMC, never selling, this is the way",bull
t3_0053942,23/04/2021,GME,"watching $GME closely, could go either way 👀",neu
t3_0000317,05/01/2021,GME,"GME moving a lot, volume is insane rn",neu
t3_0145863,13/08/2021,AMC,idk man AMC is doing AMC things,bear
t3_0031965,16/02/2021,GME,check this https://t.co/abc123 not financial advice,neu
t3_0141577,01/07/2021,AMC,lol GME just game me some tendies bro 😂,neu
t3_0132779,09/06/2021,AMC,"buying more $AMC calls, this short squeeze is just starting",bull
t3_0057882,12/05/2021,GME,"$GME going back to single digits, bearish af",bear
t3_0013178,22/01/2021,GME,"GME moving a lot, volume is insane rn",bull
t3_0046351,31/03/2021,GME,GME 🚀🚀 puts and calls and whatever idk,neu
t3_0087640,18/08/2021,GME,"$GME chart looks crazy, anyone else seeing this",bull
t3_0071129,25/06/2021,GME,"GME bagholders about to get wrecked, short it",bear
t3_0086626,13/08/2021,GME,"$GME again huh, this sub never sleeps",bear
t3_0121055,07/06/2021,AMC,"hold $AMC, never selling, this is the way",bull
t3_0098425,16/02/2021,AMC,"AMC bagholders about to get wrecked, short it",bear
t3_0148089,30/08/2021,AMC,"watching $AMC closely, could go either way 👀",bear
t3_0108926,12/05/2021,AMC,"AMC moving a lot, volume is insane rn",bull
t3_0003749,14/01/2021,GME,"GME is wild today, no idea where this goes",bear
t3_0025691,29/01/2021,GME,$GME going to zero... TO THE MOON 🚀 (im not selling),bull
t3_0079932,14/07/2021,GME,lol GME just game me some tendies bro 😂,neu
t3_0085537,10/08/2021,GME,"GME moving a lot, volume is insane rn",neu
t3_0136629,09/06/2021,AMC,AMC is trash but im holding anyway lmao 💎🙌,bull
t3_0103857,02/04/2021,AMC,"$AMC is overvalued, this bubble will pop hard",bear
t3_0143366,20/07/2021,AMC,"AMC bagholders about to get wrecked, short it",bear
t3_0142378,08/07/2021,AMC,check this https://t.co/abc123 not financial advice,neu
t3_0081877,22/07/2021,GME,idk man GME is doing GME things,neu
t3_0106953,26/04/2021,AMC,"watching $AMC closely, could go either way 👀",neu
t3_0012472,22/01/2021,GME,"$GME again huh, this sub never sleeps",bull
t3_0062404,31/05/2021,GME,"$GME again huh, this sub never sleeps",neu
t3_0064191,04/06/2021,GME,GME to the moon 🚀🚀 diamond hands hold the line,bull
t3_0146514,20/08/2021,AMC,buy the dip they said... AMC keeps dipping 📉,bear
t3_0096078,10/02/2021,AMC,"AMC moving a lot, volume is insane rn",neu
t3_0125189,08/06/2021,AMC,"$AMC gamma squeeze incoming, hedgies are done. YOLO 100k",bull
t3_0020703,27/01/2021,GME,"$GME again huh, this sub never sleeps",bull
t3_0051736,13/04/2021,GME,"buying more $GME calls, this short squeeze is just starting",bull
t3_0075905,01/07/2021,GME,"$GME going back to single digits, bearish af",bear
t3_0007831,19/01/2021,GME,"GME volume looks normal today, sideways action",neu
t3_0109513,19/05/2021,AMC,"$AMC options chain looks thin, low IV today",neu
t3_0084841,05/08/2021,GME,"GME bagholders about to get wrecked, short it",bear
t3_0055858,04/05/2021,GME,anyone have the GME float numbers handy,neu
t3_0054946,28/04/2021,GME,"GME moving a lot, volume is insane rn",bear
t3_0027071,01/02/2021,GME,"watching $GME closely, could go either way 👀",bear
t3_0015615,25/01/2021,GME,idk man GME is doing GME things,bull
t3_0041293,09/03/2021,GME,"BB big buy on everything, no ticker here",neu
t3_0021584,28/01/2021,GME,$GME going to zero... TO THE MOON 🚀 (im not selling),bull
t3_0074297,28/06/2021,GME,idk man GME is doing GME things,neu
t3_0148047,30/08/2021,AMC,diamond hands on AMC? more like paper hands incoming,bear
t3_0054621,27/04/2021,GME,"GME moving a lot, volume is insane rn",bull
t3_0010355,22/01/2021,GME,"$GME breaking resistance, tendies on the way 🤑",bull
t3_0098269,16/02/2021,AMC,idk man AMC is doing AMC things,bear
t3_0003154,14/01/2021,GME,buy the dip they said... GME keeps dipping 📉,bear
t3_0060280,25/05/2021,GME,GME 🚀🚀 puts and calls and whatever idk,neu
t3_0045738,26/03/2021,GME,"$GME chart looks crazy, anyone else seeing this",neu
t3_0069717,17/06/2021,GME,"GME is wild today, no idea where this goes",bear
t3_0121442,07/06/2021,AMC,"AMC is wild today, no idea where this goes",bull
t3_0029554,10/02/2021,GME,"buying more $GME calls, this short squeeze is just starting",bull
t3_0129606,08/06/2021,AMC,"$AMC chart looks crazy, anyone else seeing this",bull
t3_0011652,22/01/2021,GME,"GME is wild today, no idea where this goes",bull
t3_0074807,29/06/2021,GME,"neutral on GME, waiting for a clearer signal",neu
t3_0037214,05/03/2021,GME,"watching $GME closely, could go either way 👀",neu
t3_0105267,08/04/2021,AMC,diamond hands on AMC? more like paper hands incoming,bear
t3_0097370,15/02/2021,AMC,"$AMC again huh, this sub never sleeps",neu
t3_0056557,06/05/2021,GME,"watching $GME closely, could go either way 👀",neu
t3_0092090,05/01/2021,AMC,"shorting $AMC here, fundamentals are trash",bear
t3_0057746,12/05/2021,GME,"this GME pump is fake, insiders dumping on retail",bear
t3_0037219,05/03/2021,GME,"GME volume looks normal today, sideways action",neu
t3_0003647,14/01/2021,GME,"buying more $GME calls, this short squeeze is just starting",bull
t3_0117082,04/06/2021,AMC,"$AMC gamma squeeze incoming, hedgies are done. YOLO 100k",bull
t3_0140607,24/06/2021,AMC,"AMC moving a lot, volume is insane rn",bull
t3_0107429,30/04/2021,AMC,"AMC is wild today, no idea where this goes",bull
t3_0139640,17/06/2021,AMC,idk man AMC is doing AMC things,bear
t3_0002948,14/01/2021,GME,🚀🚀🚀🚀🚀🚀 wen lambo 🦍🦍 to the mooooooon,neu
t3_0084600,04/08/2021,GME,"$GME breaking resistance, tendies on the way 🤑",bull
t3_0073413,28/06/2021,GME,"this GME pump is fake, insiders dumping on retail",bear
t3_0100377,05/03/2021,AMC,idk man AMC is doing AMC things,neu
t3_0045132,23/03/2021,GME,"$GME chart looks crazy, anyone else seeing this",bear
t3_0025766,29/01/2021,GME,"BB big buy on everything, no ticker here",neu
t3_0005374,18/01/2021,GME,any DD on $GME? new to this stock,neu
t3_0053788,22/04/2021,GME,diamond hands on GME? more like paper hands incoming,bear
t3_0099906,02/03/2021,AMC,"watching $AMC closely, could go either way 👀",bear
t3_0058981,18/05/2021,GME,diamond hands on GME? more like paper hands incoming,bear
t3_0106628,21/04/2021,AMC,"$AMC chart looks crazy, anyone else seeing this",neu
t3_0061002,26/05/2021,GME,"hold $GME, never selling, this is the way",bull
t3_0073198,28/06/2021,GME,"this GME pump is fake, insiders dumping on retail",bear
t3_0108524,10/05/2021,AMC,"watching $AMC closely, could go either way 👀",bear
t3_0107638,30/04/2021,AMC,"$AMC breaking resistance, tendies on the way 🤑",bull
t3_0096788,15/02/2021,AMC,"AMC moving a lot, volume is insane rn",neu
t3_0093889,21/01/2021,AMC,"AMC is wild today, no idea where this goes",neu
t3_0031509,15/02/2021,GME,"$GME again huh, this sub never sleeps",bear
t3_0108436,10/05/2021,AMC,AMC is trash but im holding anyway lmao 💎🙌,bull
t3_0138335,11/06/2021,AMC,idk man AMC is doing AMC things,neu
t3_0073035,28/06/2021,GME,"$GME chart looks crazy, anyone else seeing this",bear
t3_0115615,02/06/2021,AMC,idk man AMC is doing AMC things,bull
t3_0061182,26/05/2021,GME,anyone have the GME float numbers handy,neu
t3_0113635,01/06/2021,AMC,"watching $AMC closely, could go either way 👀",bull
t3_0118942,04/06/2021,AMC,"neutral on AMC, waiting for a clearer signal",neu
t3_0073630,28/06/2021,GME,check this https://t.co/abc123 not financial advice,neu
t3_0025186,29/01/2021,GME,"GME is wild today, no idea where this goes",bull
t3_0051359,12/04/2021,GME,GME 🚀🚀 puts and calls and whatever idk,neu
t3_0136044,09/06/2021,AMC,"AMC is wild today, no idea where this goes",bull
t3_0024208,29/01/2021,GME,"GME moving a lot, volume is insane rn",neu
t3_0004377,15/01/2021,GME,$GME to the moon 🚀 said the bagholder before the dump,bear
t3_0012449,22/01/2021,GME,GME to the moon 🚀🚀 diamond hands hold the line,bull
t3_0070553,23/06/2021,GME,"neutral on GME, waiting for a clearer signal",neu
t3_0136827,10/06/2021,AMC,check this https://t.co/abc123 not financial advice,neu
t3_0146709,24/08/2021,AMC,buy the dip they said... AMC keeps dipping 📉,bear
t3_0005436,18/01/2021,GME,"holding a small GME position, watching for now",neu
t3_0022548,28/01/2021,GME,idk man GME is doing GME things,bull
t3_0073562,28/06/2021,GME,"this GME pump is fake, insiders dumping on retail",bear
t3_0016043,25/01/2021,GME,"$GME chart looks crazy, anyone else seeing this",bull
t3_0136814,10/06/2021,AMC,we like the stock 💎🙌 $AMC price target 500 easy,bull
t3_0126491,08/06/2021,AMC,we like the stock 💎🙌 $AMC price target 500 easy,bull
t3_0110639,28/05/2021,AMC,"neutral on AMC, waiting for a clearer signal",neu
t3_0117511,04/06/2021,AMC,any DD on $AMC? new to this stock,neu
t3_0021059,27/01/2021,GME,check this https://t.co/abc123 not financial advice,neu
t3_0095722,08/02/2021,AMC,AMC is trash but im holding anyway lmao 💎🙌,bull
t3_0041607,09/03/2021,GME,"all in on GME leaps, retail is winning this one",bull
t3_0033560,19/02/2021,GME,idk man GME is doing GME things,neu
t3_0029059,09/02/2021,GME,diamond hands on GME? more like paper hands incoming,bear
t3_0008894,22/01/2021,GME,is $GME still being talked about here? asking,neu
t3_0054898,28/04/2021,GME,"watching $GME closely, could go either way 👀",neu
t3_0073168,28/06/2021,GME,"$GME chart looks crazy, anyone else seeing this",bear
t3_0060098,24/05/2021,GME,"GME moving a lot, volume is insane rn",neu
t3_0095712,08/02/2021,AMC,"holding a small AMC position, watching for now",neu
t3_0095924,09/02/2021,AMC,$AMC to the moon 🚀 said the bagholder before the dump,bear
t3_0102020,22/03/2021,AMC,anyone have the AMC float numbers handy,neu
t3_0113953,01/06/2021,AMC,idk man AMC is doing AMC things,bull
t3_0126098,08/06/2021,AMC,"$AMC again huh, this sub never sleeps",bull
t3_0115233,02/06/2021,AMC,"everyone says sell AMC, so obviously i bought more",bull
t3_0082043,23/07/2021,GME,"$GME going back to single digits, bearish af",bear
t3_0048393,07/04/2021,GME,"$GME again huh, this sub never sleeps",bear
t3_0028595,08/02/2021,GME,"neutral on GME, waiting for a clearer signal",neu
t3_0059945,21/05/2021,GME,"$GME again huh, this sub never sleeps",neu
t3_0022182,28/01/2021,GME,"buying more $GME calls, this short squeeze is just starting",bull
t3_0062756,31/05/2021,GME,"$GME chart looks crazy, anyone else seeing this",bear
t3_0096273,11/02/2021,AMC,"$AMC chart looks crazy, anyone else seeing this",neu
t3_0073847,28/06/2021,GME,"$GME going back to single digits, bearish af",bear
t3_0061873,27/05/2021,GME,"hold $GME, never selling, this is the way",bull
t3_0123457,08/06/2021,AMC,"watching $AMC closely, could go either way 👀",bull
t3_0086698,13/08/2021,GME,"$GME moon dump moon dump, pick one already",neu
t3_0130524,08/06/2021,AMC,"$AMC again huh, this sub never sleeps",bull
t3_0037665,08/03/2021,GME,"loaded up on GME today, apes together strong 🦍",bull
t3_0057810,12/05/2021,GME,"this GME pump is fake, insiders dumping on retail",bear
t3_0043440,12/03/2021,GME,is $GME still being talked about here? asking,neu
t3_0026003,29/01/2021,GME,idk man GME is doing GME things,bull
t3_0143249,19/07/2021,AMC,"AMC moving a lot, volume is insane rn",neu
t3_0122325,07/06/2021,AMC,check this https://t.co/abc123 not financial advice,neu
t3_0038295,08/03/2021,GME,what do you guys think about GME earnings next week,neu
t3_0044539,18/03/2021,GME,"puts on GME, the squeeze is over, dead cat bounce",bear
t3_0068020,14/06/2021,GME,GME to the moon 🚀🚀 diamond hands hold the line,bull
t3_0080376,15/07/2021,GME,idk man GME is doing GME things,bear
t3_0003616,14/01/2021,GME,"$GME going back to single digits, bearish af",bear
t3_0103029,26/03/2021,AMC,$AMC to the moon 🚀 said the bagholder before the dump,bear
t3_0076262,01/07/2021,GME,🚀🚀🚀🚀🚀🚀 wen lambo 🦍🦍 to the mooooooon,neu
t3_0094771,28/01/2021,AMC,"$AMC chart looks crazy, anyone else seeing this",bull
t3_0095421,03/02/2021,AMC,what do you guys think about AMC earnings next week,neu
t3_0087604,18/08/2021,GME,"$GME breaking resistance, tendies on the way 🤑",bull
t3_0076695,01/07/2021,GME,"sold all my $GME, taking profits before the dump",bear
t3_0098896,19/02/2021,AMC,any DD on $AMC? new to this stock,neu
t3_0056939,07/05/2021,GME,anyone have the GME float numbers handy,neu
t3_0119353,07/06/2021,AMC,"buying more $AMC calls, this short squeeze is just starting",bull
t3_0142491,09/07/2021,AMC,buy the dip they said... AMC keeps dipping 📉,bear
t3_0066225,11/06/2021,GME,"watching $GME closely, could go either way 👀",bull
t3_0142679,13/07/2021,AMC,"everyone says sell AMC, so obviously i bought more",bull
t3_0051017,09/04/2021,GME,idk man GME is doing GME things,neu
t3_0098238,16/02/2021,AMC,we like the stock 💎🙌 $AMC price target 500 easy,bull
t3_0033576,19/02/2021,GME,"watching $GME closely, could go either way 👀",neu
t3_0143290,19/07/2021,AMC,"$AMC again huh, this sub never sleeps",neu
t3_0056018,04/05/2021,GME,"$GME again huh, this sub never sleeps",neu
t3_0019046,26/01/2021,GME,is $GME still being talked about here? asking,neu
t3_0075706,01/07/2021,GME,"$GME chart looks crazy, anyone else seeing this",neu
t3_0055966,04/05/2021,GME,idk man GME is doing GME things,bear
t3_0136725,09/06/2021,AMC,"loaded up on AMC today, apes together strong 🦍",bull
t3_0048643,07/04/2021,GME,"sold all my $GME, taking profits before the dump",bear
t3_0000628,06/01/2021,GME,"watching $GME closely, could go either way 👀",bear
t3_0007460,19/01/2021,GME,diamond hands on GME? more like paper hands incoming,bear
t3_0006951,18/01/2021,GME,🚀🚀🚀🚀🚀🚀 wen lambo 🦍🦍 to the mooooooon,neu
t3_0017147,26/01/2021,GME,check this https://t.co/abc123 not financial advice,neu
t3_0085325,09/08/2021,GME,"watching $GME closely, could go either way 👀",bull
t3_0143903,26/07/2021,AMC,"AMC moving a lot, volume is insane rn",bear
t3_0073100,28/06/2021,GME,"sold all my $GME, taking profits before the dump",bear
t3_0014811,22/01/2021,GME,"loaded up on GME today, apes together strong 🦍",bull
t3_0079371,12/07/2021,GME,"watching $GME closely, could go either way 👀",neu
t3_0080199,15/07/2021,GME,"GME is wild today, no idea where this goes",bear
t3_0055286,29/04/2021,GME,"GME moving a lot, volume is insane rn",neu
t3_0035831,01/03/2021,GME,idk man GME is doing GME things,neu
t3_0077381,05/07/2021,GME,"$GME chart looks crazy, anyone else seeing this",bear
t3_0080513,15/07/2021,GME,idk man GME is doing GME things,bull
t3_0144390,30/07/2021,AMC,"buying more $AMC calls, this short squeeze is just starting",bull
t3_0002046,14/01/2021,GME,"$GME going back to single digits, bearish af",bear
t3_0109752,24/05/2021,AMC,"$AMC options chain looks thin, low IV today",neu
t3_0037303,05/03/2021,GME,idk man GME is doing GME things,neu
t3_0148136,30/08/2021,AMC,"$AMC is overvalued, this bubble will pop hard",bear
t3_0103663,31/03/2021,AMC,"AMC is wild today, no idea where this goes",neu
t3_0100527,09/03/2021,AMC,"AMC is wild today, no idea where this goes",bull
t3_0043733,15/03/2021,GME,"watching $GME closely, could go either way 👀",neu
t3_0068525,15/06/2021,GME,idk man GME is doing GME things,neu
t3_0098971,22/02/2021,AMC,$AMC to the moon 🚀 said the bagholder before the dump,bear
t3_0069197,16/06/2021,GME,"all in on GME leaps, retail is winning this one",bull
t3_0116053,03/06/2021,AMC,"$AMC again huh, this sub never sleeps",bull
t3_0066250,11/06/2021,GME,"$GME again huh, this sub never sleeps",bull
t3_0047853,07/04/2021,GME,"GME is wild today, no idea where this goes",neu
t3_0144034,28/07/2021,AMC,buy the dip they said... AMC keeps dipping 📉,bear
t3_0134384,09/06/2021,AMC,$AMC going to zero... TO THE MOON 🚀 (im not selling),bull
t3_0105494,12/04/2021,AMC,idk man AMC is doing AMC things,bear
t3_0087158,17/08/2021,GME,"watching $GME closely, could go either way 👀",bull
t3_0091830,31/08/2021,GME,"this GME pump is fake, insiders dumping on retail",bear
t3_0102722,25/03/2021,AMC,"AMC moving a lot, volume is insane rn",neu
t3_0107099,27/04/2021,AMC,"hold $AMC, never selling, this is the way",bull
t3_0110623,28/05/2021,AMC,"$AMC again huh, this sub never sleeps",bull
t3_0147807,30/08/2021,AMC,"closed my AMC position, momentum is gone",bear
t3_0020316,27/01/2021,GME,"GME is wild today, no idea where this goes",bull
t3_0060475,25/05/2021,GME,"watching $GME closely, could go either way 👀",bull
t3_0099014,22/02/2021,AMC,"all in on AMC leaps, retail is winning this one",bull
t3_0094184,25/01/2021,AMC,"all in on AMC leaps, retail is winning this one",bull
t3_0089077,25/08/2021,GME,"$GME again huh, this sub never sleeps",neu
t3_0033906,22/02/2021,GME,"GME is wild today, no idea where this goes",neu
t3_0086155,11/08/2021,GME,"GME is wild today, no idea where this goes",bull
t3_0040552,09/03/2021,GME,"BB big buy on everything, no ticker here",neu
t3_0003499,14/01/2021,GME,"$GME chart looks crazy, anyone else seeing this",bear
t3_0025558,29/01/2021,GME,idk man GME is doing GME things,bull
t3_0060855,26/05/2021,GME,"GME is wild today, no idea where this goes",bull
t3_0130182,08/06/2021,AMC,"$AMC chart looks crazy, anyone else seeing this",bull
t3_0023405,28/01/2021,GME,"neutral on GME, waiting for a clearer signal",neu
t3_0044015,17/03/2021,GME,idk man GME is doing GME things,bear
t3_0107399,29/04/2021,AMC,"$AMC again huh, this sub never sleeps",bear
t3_0039396,09/03/2021,GME,"$GME moon dump moon dump, pick one already",neu
t3_0027675,03/02/2021,GME,check this https://t.co/abc123 not financial advice,neu
t3_0028353,05/02/2021,GME,🚀🚀🚀🚀🚀🚀 wen lambo 🦍🦍 to the mooooooon,neu
t3_0033518,19/02/2021,GME,"hold $GME, never selling, this is the way",bull
t3_0087062,17/08/2021,GME,$GME to the moon 🚀 said the bagholder before the dump,bear
t3_0009187,22/01/2021,GME,we like the stock 💎🙌 $GME price target 500 easy,bull
t3_0029906,11/02/2021,GME,"GME is wild today, no idea where this goes",bull
t3_0139097,15/06/2021,AMC,"AMC is wild today, no idea where this goes",bear
t3_0131482,09/06/2021,AMC,"everyone says sell AMC, so obviously i bought more",bull
t3_0104222,02/04/2021,AMC,"AMC moving a lot, volume is insane rn",neu
t3_0069259,16/06/2021,GME,🚀🚀🚀🚀🚀🚀 wen lambo 🦍🦍 to the mooooooon,neu
t3_0109477,19/05/2021,AMC,$AMC going to zero... TO THE MOON 🚀 (im not selling),bull
t3_0052911,19/04/2021,GME,"puts on GME, the squeeze is over, dead cat bounce",bear
t3_0084387,03/08/2021,GME,"GME is wild today, no idea where this goes",neu
t3_0020288,27/01/2021,GME,"all in on GME leaps, retail is winning this one",bull
t3_0094552,26/01/2021,AMC,"$AMC chart looks crazy, anyone else seeing this",bull
t3_0100236,04/03/2021,AMC,"$AMC again huh, this sub never sleeps",neu
t3_0123452,08/06/2021,AMC,AMC to the moon 🚀🚀 diamond hands hold the line,bull
t3_0031624,16/02/2021,GME,GME 🚀🚀 puts and calls and whatever idk,neu
t3_0038120,08/03/2021,GME,"hold $GME, never selling, this is the way",bull
t3_0110563,28/05/2021,AMC,"AMC moving a lot, volume is insane rn",bull
t3_0043652,15/03/2021,GME,"$GME again huh, this sub never sleeps",bear
t3_0047905,07/04/2021,GME,"puts on GME, the squeeze is over, dead cat bounce",bear
t3_0140633,24/06/2021,AMC,"everyone says sell AMC, so obviously i bought more",bull
t3_0056767,07/05/2021,GME,"GME is wild today, no idea where this goes",bear
t3_0061407,26/05/2021,GME,GME is trash but im holding anyway lmao 💎🙌,bull
t3_0010951,22/01/2021,GME,"watching $GME closely, could go either way 👀",bull
t3_0125397,08/06/2021,AMC,"watching $AMC closely, could go either way 👀",bull
t3_0089366,26/08/2021,GME,"$GME again huh, this sub never sleeps",neu
t3_0036719,03/03/2021,GME,GME 🚀🚀 puts and calls and whatever idk,neu
t3_0080454,15/07/2021,GME,"$GME chart looks crazy, anyone else seeing this",neu
t3_0084115,02/08/2021,GME,"GME moving a lot, volume is insane rn",bull
t3_0079397,12/07/2021,GME,idk man GME is doing GME things,neu
t3_0082798,26/07/2021,GME,"$GME again huh, this sub never sleeps",bear
t3_0063363,02/06/2021,GME,"sold all my $GME, taking profits before the dump",bear
t3_0042066,10/03/2021,GME,check this https://t.co/abc123 not financial advice,neu
t3_0104896,05/04/2021,AMC,"holding a small AMC position, watching for now",neu
t3_0108620,11/05/2021,AMC,"AMC is wild today, no idea where this goes",bear
t3_0101133,12/03/2021,AMC,"puts on AMC, the squeeze is over, dead cat bounce",bear
t3_0071362,25/06/2021,GME,GME 🚀🚀 puts and calls and whatever idk,neu
t3_0033240,19/02/2021,GME,"buying more $GME calls, this short squeeze is just starting",bull
t3_0145164,09/08/2021,AMC,"$AMC chart looks crazy, anyone else seeing this",bear
t3_0126841,08/06/2021,AMC,"hold $AMC, never selling, this is the way",bull
t3_0019455,26/01/2021,GME,"all in on GME leaps, retail is winning this one",bull
t3_0063926,04/06/2021,GME,"BB big buy on everything, no ticker here",neu
t3_0050002,08/04/2021,GME,"sold all my $GME, taking profits before the dump",bear
t3_0143423,20/07/2021,AMC,"$AMC chart looks crazy, anyone else seeing this",bear
t3_0008052,20/01/2021,GME,"GME moving a lot, volume is insane rn",bear
t3_0071922,25/06/2021,GME,$GME to the moon 🚀 said the bagholder before the dump,bear
t3_0040247,09/03/2021,GME,"everyone says sell GME, so obviously i bought more",bull
t3_0001488,11/01/2021,GME,"$GME again huh, this sub never sleeps",bear
t3_0044731,22/03/2021,GME,idk man GME is doing GME things,neu
t3_0079945,14/07/2021,GME,"holding a small GME position, watching for now",neu
t3_0006661,18/01/2021,GME,"closed my GME position, momentum is gone",bear
t3_0146653,24/08/2021,AMC,check this https://t.co/abc123 not financial advice,neu
t3_0048868,08/04/2021,GME,"watching $GME closely, could go either way 👀",neu
t3_0046836,05/04/2021,GME,"sold all my $GME, taking profits before the dump",bear
t3_0026081,29/01/2021,GME,"GME moving a lot, volume is insane rn",bull
t3_0072459,28/06/2021,GME,diamond hands on GME? more like paper hands incoming,bear
t3_0051259,12/04/2021,GME,"all in on GME leaps, retail is winning this one",bull
t3_0115180,02/06/2021,AMC,"$AMC options chain looks thin, low IV today",neu
t3_0018288,26/01/2021,GME,"$GME moon dump moon dump, pick one already",neu
t3_0075730,01/07/2021,GME,"watching $GME closely, could go either way 👀",neu
t3_0147396,27/08/2021,AMC,"shorting $AMC here, fundamentals are trash",bear
t3_0074144,28/06/2021,GME,diamond hands on GME? more like paper hands incoming,bear
t3_0026568,29/01/2021,GME,check this https://t.co/abc123 not financial advice,neu
t3_0004109,15/01/2021,GME,"BB big buy on everything, no ticker here",neu
t3_0069837,18/06/2021,GME,idk man GME is doing GME things,neu
t3_0129374,08/06/2021,AMC,"watching $AMC closely, could go either way 👀",bull
t3_0013191,22/01/2021,GME,"loaded up on GME today, apes together strong 🦍",bull
t3_0128316,08/06/2021,AMC,$AMC going to zero... TO THE MOON 🚀 (im not selling),bull
t3_0043054,10/03/2021,GME,"all in on GME leaps, retail is winning this one",bull
t3_0058496,14/05/2021,GME,"this GME pump is fake, insiders dumping on retail",bear
t3_0100575,09/03/2021,AMC,"$AMC chart looks crazy, anyone else seeing this",bull
t3_0084436,03/08/2021,GME,diamond hands on GME? more like paper hands incoming,bear
t3_0132284,09/06/2021,AMC,AMC is trash but im holding anyway lmao 💎🙌,bull
t3_0102313,24/03/2021,AMC,"AMC is wild today, no idea where this goes",bear
t3_0143169,16/07/2021,AMC,what do you guys think about AMC earnings next week,neu
t3_0075531,30/06/2021,GME,lol GME just game me some tendies bro 😂,neu
t3_0099211,24/02/2021,AMC,"$AMC going back to single digits, bearish af",bear
t3_0147811,30/08/2021,AMC,idk man AMC is doing AMC things,bear
t3_0064587,08/06/2021,GME,$GME to the moon 🚀 said the bagholder before the dump,bear
t3_0098403,16/02/2021,AMC,"AMC moving a lot, volume is insane rn",bear
t3_0107512,30/04/2021,AMC,check this https://t.co/abc123 not financial advice,neu
t3_0129368,08/06/2021,AMC,"watching $AMC closely, could go either way 👀",bull
t3_0071271,25/06/2021,GME,"GME bagholders about to get wrecked, short it",bear
t3_0001379,11/01/2021,GME,"$GME moon dump moon dump, pick one already",neu
t3_0120499,07/06/2021,AMC,"all in on AMC leaps, retail is winning this one",bull
t3_0131312,09/06/2021,AMC,we like the stock 💎🙌 $AMC price target 500 easy,bull
t3_0139218,16/06/2021,AMC,$AMC to the moon 🚀 said the bagholder before the dump,bear
t3_0142598,13/07/2021,AMC,"$AMC breaking resistance, tendies on the way 🤑",bull
t3_0113306,01/06/2021,AMC,"hold $AMC, never selling, this is the way",bull
t3_0118602,04/06/2021,AMC,"AMC is wild today, no idea where this goes",bull
t3_0018521,26/01/2021,GME,"GME moving a lot, volume is insane rn",bull
t3_0116630,03/06/2021,AMC,"everyone says sell AMC, so obviously i bought more",bull
t3_0102464,24/03/2021,AMC,AMC 🚀🚀 puts and calls and whatever idk,neu
t3_0020662,27/01/2021,GME,"buying more $GME calls, this short squeeze is just starting",bull
t3_0059700,20/05/2021,GME,"this GME pump is fake, insiders dumping on retail",bear
t3_0124304,08/06/2021,AMC,"$AMC chart looks crazy, anyone else seeing this",bull
t3_0095729,08/02/2021,AMC,"BB big buy on everything, no ticker here",neu
t3_0102478,24/03/2021,AMC,"$AMC chart looks crazy, anyone else seeing this",neu
t3_0031439,15/02/2021,GME,diamond hands on GME? more like paper hands incoming,bear
t3_0135263,09/06/2021,AMC,"buying more $AMC calls, this short squeeze is just starting",bull
t3_0016749,25/01/2021,GME,"watching $GME closely, could go either way 👀",bull
t3_0012760,22/01/2021,GME,"buying more $GME calls, this short squeeze is just starting",bull
t3_0096931,15/02/2021,AMC,"shorting $AMC here, fundamentals are trash",bear
t3_0079753,14/07/2021,GME,"sold all my $GME, taking profits before the dump",bear
t3_0022897,28/01/2021,GME,"everyone says sell GME, so obviously i bought more",bull
t3_0059618,19/05/2021,GME,"$GME chart looks crazy, anyone else seeing this",bear
t3_0016441,25/01/2021,GME,check this https://t.co/abc123 not financial advice,neu
t3_0008624,22/01/2021,GME,"$GME again huh, this sub never sleeps",bull
t3_0140671,24/06/2021,AMC,"$AMC options chain looks thin, low IV today",neu
t3_0131868,09/06/2021,AMC,we like the stock 💎🙌 $AMC price target 500 easy,bull
t3_0069497,17/06/2021,GME,"GME is wild today, no idea where this goes",bear
t3_0040498,09/03/2021,GME,🚀🚀🚀🚀🚀🚀 wen lambo 🦍🦍 to the mooooooon,neu
t3_0141592,01/07/2021,AMC,"AMC bagholders about to get wrecked, short it",bear
t3_0012421,22/01/2021,GME,"everyone says sell GME, so obviously i bought more",bull
t3_0097260,15/02/2021,AMC,"AMC bagholders about to get wrecked, short it",bear
t3_0097151,15/02/2021,AMC,"AMC is wild today, no idea where this goes",bear
t3_0069623,17/06/2021,GME,"GME bagholders about to get wrecked, short it",bear
t3_0031765,16/02/2021,GME,"GME bagholders about to get wrecked, short it",bear
t3_0111839,01/06/2021,AMC,"$AMC chart looks crazy, anyone else seeing this",bull
t3_0026985,01/02/2021,GME,we like the stock 💎🙌 $GME price target 500 easy,bull
t3_0020352,27/01/2021,GME,"hold $GME, never selling, this is the way",bull
t3_0043370,12/03/2021,GME,lol GME just game me some tendies bro 😂,neu
t3_0073322,28/06/2021,GME,"$GME going back to single digits, bearish af",bear
t3_0029156,09/02/2021,GME,"$GME again huh, this sub never sleeps",neu
t3_0095468,04/02/2021,AMC,"$AMC moon dump moon dump, pick one already",neu
t3_0029216,09/02/2021,GME,idk man GME is doing GME things,neu
t3_0043487,12/03/2021,GME,"$GME options chain looks thin, low IV today",neu
t3_0111154,31/05/2021,AMC,"hold $AMC, never selling, this is the way",bull
t3_0049057,08/04/2021,GME,"$GME again huh, this sub never sleeps",bear
t3_0121752,07/06/2021,AMC,"everyone says sell AMC, so obviously i bought more",bull
t3_0087262,18/08/2021,GME,"$GME gamma squeeze incoming, hedgies are done. YOLO 100k",bull
t3_0074286,28/06/2021,GME,"GME is wild today, no idea where this goes",bear
t3_0039063,09/03/2021,GME,"GME moving a lot, volume is insane rn",bull
t3_0066049,11/06/2021,GME,"GME moving a lot, volume is insane rn",bear
t3_0100813,11/03/2021,AMC,AMC 🚀🚀 puts and calls and whatever idk,neu
t3_0021833,28/01/2021,GME,"$GME chart looks crazy, anyone else seeing this",bull
t3_0034110,23/02/2021,GME,idk man GME is doing GME things,bull
t3_0067229,14/06/2021,GME,any DD on $GME? new to this stock,neu
t3_0118403,04/06/2021,AMC,we like the stock 💎🙌 $AMC price target 500 easy,bull
t3_0095563,05/02/2021,AMC,AMC 🚀🚀 puts and calls and whatever idk,neu
t3_0082382,23/07/2021,GME,GME 🚀🚀 puts and calls and whatever idk,neu
t3_0109605,20/05/2021,AMC,AMC 🚀🚀 puts and calls and whatever idk,neu
t3_0032195,16/02/2021,GME,diamond hands on GME? more like paper hands incoming,bear
t3_0065124,09/06/2021,GME,is $GME still being talked about here? asking,neu
t3_0019494,26/01/2021,GME,"everyone says sell GME, so obviously i bought more",bull
t3_0081451,21/07/2021,GME,"$GME chart looks crazy, anyone else seeing this",bear
t3_0099479,25/02/2021,AMC,"$AMC again huh, this sub never sleeps",bear
t3_0054116,26/04/2021,GME,lol GME just game me some tendies bro 😂,neu
t3_0090129,30/08/2021,GME,"$GME is overvalued, this bubble will pop hard",bear
t3_0073257,28/06/2021,GME,"$GME again huh, this sub never sleeps",bear
t3_0043688,15/03/2021,GME,"GME bagholders about to get wrecked, short it",bear
t3_0116195,03/06/2021,AMC,"everyone says sell AMC, so obviously i bought more",bull
t3_0001139,07/01/2021,GME,"GME is wild today, no idea where this goes",bear
t3_0101524,17/03/2021,AMC,"neutral on AMC, waiting for a clearer signal",neu
t3_0069211,16/06/2021,GME,"hold $GME, never selling, this is the way",bull
t3_0047508,06/04/2021,GME,"shorting $GME here, fundamentals are trash",bear
t3_0134325,09/06/2021,AMC,"AMC is wild today, no idea where this goes",bull
t3_0115693,02/06/2021,AMC,we like the stock 💎🙌 $AMC price target 500 easy,bull
t3_0111060,31/05/2021,AMC,is $AMC still being talked about here? asking,neu
t3_0053544,21/04/2021,GME,"$GME again huh, this sub never sleeps",neu
t3_0047998,07/04/2021,GME,"GME is wild today, no idea where this goes",bear
t3_0085977,11/08/2021,GME,"buying more $GME calls, this short squeeze is just starting",bull
t3_0118400,04/06/2021,AMC,idk man AMC is doing AMC things,bull
t3_0110401,28/05/2021,AMC,"everyone says sell AMC, so obviously i bought more",bull
t3_0061107,26/05/2021,GME,"$GME chart looks crazy, anyone else seeing this",bull
t3_0024339,29/01/2021,GME,lol GME just game me some tendies bro 😂,neu
t3_0082178,23/07/2021,GME,"watching $GME closely, could go either way 👀",neu
t3_0128953,08/06/2021,AMC,we like the stock 💎🙌 $AMC price target 500 easy,bull
t3_0059501,19/05/2021,GME,"this GME pump is fake, insiders dumping on retail",bear
t3_0116222,03/06/2021,AMC,$AMC going to zero... TO THE MOON 🚀 (im not selling),bull
t3_0133465,09/06/2021,AMC,check this https://t.co/abc123 not financial advice,neu
t3_0016024,25/01/2021,GME,idk man GME is doing GME things,bull
t3_0045065,23/03/2021,GME,GME is trash but im holding anyway lmao 💎🙌,bull
t3_0006434,18/01/2021,GME,"this GME pump is fake, insiders dumping on retail",bear
t3_0007191,18/01/2021,GME,"$GME chart looks crazy, anyone else seeing this",bear
t3_0010098,22/01/2021,GME,"watching $GME closely, could go either way 👀",neu
t3_0035740,01/03/2021,GME,"neutral on GME, waiting for a clearer signal",neu
t3_0116484,03/06/2021,AMC,check this https://t.co/abc123 not financial advice,neu
t3_0084353,03/08/2021,GME,"GME is wild today, no idea where this goes",neu
t3_0052332,16/04/2021,GME,"$GME again huh, this sub never sleeps",bull
t3_0126563,08/06/2021,AMC,"AMC is wild today, no idea where this goes",bull
t3_0031374,15/02/2021,GME,"$GME is overvalued, this bubble will pop hard",bear
t3_0105263,08/04/2021,AMC,"$AMC chart looks crazy, anyone else seeing this",bear
t3_0073689,28/06/2021,GME,$GME to the moon 🚀 said the bagholder before the dump,bear
t3_0070961,24/06/2021,GME,"$GME again huh, this sub never sleeps",neu
t3_0126508,08/06/2021,AMC,idk man AMC is doing AMC things,bull
t3_0145680,13/08/2021,AMC,"$AMC going back to single digits, bearish af",bear
t3_0110181,27/05/2021,AMC,"$AMC again huh, this sub never sleeps",neu
t3_0030087,11/02/2021,GME,$GME going to zero... TO THE MOON 🚀 (im not selling),bull
t3_0013628,22/01/2021,GME,"everyone says sell GME, so obviously i bought more",bull
t3_0143129,16/07/2021,AMC,"$AMC again huh, this sub never sleeps",neu
t3_0013786,22/01/2021,GME,"everyone says sell GME, so obviously i bought more",bull
t3_0055517,30/04/2021,GME,"$GME again huh, this sub never sleeps",bear
t3_0038399,08/03/2021,GME,"$GME chart looks crazy, anyone else seeing this",bull
t3_0027719,03/02/2021,GME,"$GME going back to single digits, bearish af",bear
t3_0079393,12/07/2021,GME,"$GME again huh, this sub never sleeps",bear
t3_0129864,08/06/2021,AMC,check this https://t.co/abc123 not financial advice,neu
t3_0122760,08/06/2021,AMC,"$AMC again huh, this sub never sleeps",bull
t3_0144185,28/07/2021,AMC,"$AMC moon dump moon dump, pick one already",neu
t3_0010007,22/01/2021,GME,"loaded up on GME today, apes together strong 🦍",bull
t3_0042184,10/03/2021,GME,"watching $GME closely, could go either way 👀",neu
t3_0125632,08/06/2021,AMC,"$AMC again huh, this sub never sleeps",bull
t3_0047719,06/04/2021,GME,idk man GME is doing GME things,bear
t3_0033197,19/02/2021,GME,"$GME moon dump moon dump, pick one already",neu
t3_0110312,28/05/2021,AMC,"$AMC gamma squeeze incoming, hedgies are done. YOLO 100k",bull
t3_0017517,26/01/2021,GME,🚀🚀🚀🚀🚀🚀 wen lambo 🦍🦍 to the mooooooon,neu
t3_0129986,08/06/2021,AMC,$AMC going to zero... TO THE MOON 🚀 (im not selling),bull
t3_0097827,15/02/2021,AMC,"AMC is wild today, no idea where this goes",bear
t3_0031430,15/02/2021,GME,GME 🚀🚀 puts and calls and whatever idk,neu
t3_0047832,07/04/2021,GME,"$GME again huh, this sub never sleeps",bear
t3_0030798,12/02/2021,GME,"all in on GME leaps, retail is winning this one",bull
t3_0132653,09/06/2021,AMC,"AMC moving a lot, volume is insane rn",neu
t3_0134506,09/06/2021,AMC,"AMC moving a lot, volume is insane rn",bull
t3_0107151,27/04/2021,AMC,idk man AMC is doing AMC things,bear
t3_0072085,25/06/2021,GME,"$GME moon dump moon dump, pick one already",neu
t3_0054264,26/04/2021,GME,"all in on GME leaps, retail is winning this one",bull
t3_0113214,01/06/2021,AMC,"all in on AMC leaps, retail is winning this one",bull
t3_0018464,26/01/2021,GME,GME is trash but im holding anyway lmao 💎🙌,bull
t3_0061395,26/05/2021,GME,we like the stock 💎🙌 $GME price target 500 easy,bull
t3_0023046,28/01/2021,GME,"$GME options chain looks thin, low IV today",neu
t3_0040488,09/03/2021,GME,"everyone says sell GME, so obviously i bought more",bull
t3_0117556,04/06/2021,AMC,any DD on $AMC? new to this stock,neu
t3_0009437,22/01/2021,GME,GME is trash but im holding anyway lmao 💎🙌,bull
t3_0145173,09/08/2021,AMC,"watching $AMC closely, could go either way 👀",neu
t3_0051949,14/04/2021,GME,"$GME again huh, this sub never sleeps",neu
t3_0022051,28/01/2021,GME,GME to the moon 🚀🚀 diamond hands hold the line,bull
t3_0063713,04/06/2021,GME,"loaded up on GME today, apes together strong 🦍",bull
t3_0103198,26/03/2021,AMC,"puts on AMC, the squeeze is over, dead cat bounce",bear
t3_0079469,13/07/2021,GME,"GME is wild today, no idea where this goes",bear
t3_0095096,01/02/2021,AMC,"AMC is wild today, no idea where this goes",neu
t3_0019874,27/01/2021,GME,GME is trash but im holding anyway lmao 💎🙌,bull
t3_0048121,07/04/2021,GME,GME 🚀🚀 puts and calls and whatever idk,neu
t3_0080423,15/07/2021,GME,idk man GME is doing GME things,bear
t3_0059079,18/05/2021,GME,diamond hands on GME? more like paper hands incoming,bear
t3_0131360,09/06/2021,AMC,"everyone says sell AMC, so obviously i bought more",bull
t3_0113834,01/06/2021,AMC,"buying more $AMC calls, this short squeeze is just starting",bull
t3_0006877,18/01/2021,GME,"GME moving a lot, volume is insane rn",bear
t3_0027679,03/02/2021,GME,idk man GME is doing GME things,neu
t3_0058200,13/05/2021,GME,"$GME moon dump moon dump, pick one already",neu
t3_0119272,07/06/2021,AMC,AMC is trash but im holding anyway lmao 💎🙌,bull
t3_0033691,19/02/2021,GME,"$GME chart looks crazy, anyone else seeing this",bull
t3_0048916,08/04/2021,GME,"sold all my $GME, taking profits before the dump",bear
t3_0035722,01/03/2021,GME,"loaded up on GME today, apes together strong 🦍",bull
t3_0077005,02/07/2021,GME,"GME is wild today, no idea where this goes",bear
t3_0122843,08/06/2021,AMC,"all in on AMC leaps, retail is winning this one",bull
t3_0013326,22/01/2021,GME,GME is trash but im holding anyway lmao 💎🙌,bull
t3_0028249,05/02/2021,GME,"$GME moon dump moon dump, pick one already",neu
t3_0077259,02/07/2021,GME,$GME to the moon 🚀 said the bagholder before the dump,bear
t3_0015990,25/01/2021,GME,"$GME chart looks crazy, anyone else seeing this",bull
t3_0057683,12/05/2021,GME,idk man GME is doing GME things,neu
t3_0096423,11/02/2021,AMC,"AMC moving a lot, volume is insane rn",bear
t3_0069902,18/06/2021,GME,"watching $GME closely, could go either way 👀",neu
t3_0059222,18/05/2021,GME,"$GME again huh, this sub never sleeps",neu
t3_0138863,14/06/2021,AMC,"watching $AMC closely, could go either way 👀",bear
t3_0035437,26/02/2021,GME,"$GME chart looks crazy, anyone else seeing this",neu
t3_0086413,12/08/2021,GME,GME to the moon 🚀🚀 diamond hands hold the line,bull
t3_0092334,08/01/2021,AMC,"$AMC options chain looks thin, low IV today",neu
t3_0062943,31/05/2021,GME,what do you guys think about GME earnings next week,neu
t3_0106855,23/04/2021,AMC,"AMC moving a lot, volume is insane rn",neu
t3_0088770,24/08/2021,GME,"GME moving a lot, volume is insane rn",bear
t3_0002531,14/01/2021,GME,"watching $GME closely, could go either way 👀",neu
t3_0032753,18/02/2021,GME,"sold all my $GME, taking profits before the dump",bear
t3_0066129,11/06/2021,GME,what do you guys think about GME earnings next week,neu
t3_0002597,14/01/2021,GME,"GME moving a lot, volume is insane rn",bear
t3_0057850,12/05/2021,GME,"$GME moon dump moon dump, pick one already",neu
t3_0010432,22/01/2021,GME,GME is trash but im holding anyway lmao 💎🙌,bull
t3_0147138,26/08/2021,AMC,diamond hands on AMC? more like paper hands incoming,bear
t3_0106866,23/04/2021,AMC,"AMC is wild today, no idea where this goes",bull
t3_0007364,18/01/2021,GME,"sold all my $GME, taking profits before the dump",bear
t3_0132940,09/06/2021,AMC,"$AMC chart looks crazy, anyone else seeing this",bull
t3_0003112,14/01/2021,GME,"puts on GME, the squeeze is over, dead cat bounce",bear
t3_0002086,14/01/2021,GME,diamond hands on GME? more like paper hands incoming,bear
t3_0016869,25/01/2021,GME,"GME moving a lot, volume is insane rn",bull
t3_0087230,18/08/2021,GME,"$GME gamma squeeze incoming, hedgies are done. YOLO 100k",bull
t3_0019288,26/01/2021,GME,GME is trash but im holding anyway lmao 💎🙌,bull
t3_0000058,04/01/2021,GME,"GME bagholders about to get wrecked, short it",bear
t3_0017284,26/01/2021,GME,"buying more $GME calls, this short squeeze is just starting",bull
t3_0006782,18/01/2021,GME,$GME to the moon 🚀 said the bagholder before the dump,bear
t3_0002938,14/01/2021,GME,lol GME just game me some tendies bro 😂,neu
t3_0011829,22/01/2021,GME,"GME is wild today, no idea where this goes",bull
t3_0003484,14/01/2021,GME,idk man GME is doing GME things,bear
t3_0020075,27/01/2021,GME,idk man GME is doing GME things,neu
t3_0140873,28/06/2021,AMC,"$AMC breaking resistance, tendies on the way 🤑",bull
t3_0005233,18/01/2021,GME,"$GME again huh, this sub never sleeps",bear
t3_0079621,13/07/2021,GME,any DD on $GME? new to this stock,neu
t3_0141195,29/06/2021,AMC,"watching $AMC closely, could go either way 👀",bear
t3_0073502,28/06/2021,GME,"$GME chart looks crazy, anyone else seeing this",bear
t3_0077410,05/07/2021,GME,🚀🚀🚀🚀🚀🚀 wen lambo 🦍🦍 to the mooooooon,neu
t3_0102873,26/03/2021,AMC,"AMC volume looks normal today, sideways action",neu
t3_0024450,29/01/2021,GME,"GME is wild today, no idea where this goes",bull
t3_0120130,07/06/2021,AMC,lol GME just game me some tendies bro 😂,neu
t3_0146666,24/08/2021,AMC,"$AMC chart looks crazy, anyone else seeing this",bear
t3_0035042,25/02/2021,GME,"watching $GME closely, could go either way 👀",bull
t3_0054216,26/04/2021,GME,"GME bagholders about to get wrecked, short it",bear
t3_0015441,25/01/2021,GME,"GME moving a lot, volume is insane rn",bull
t3_0106937,26/04/2021,AMC,"$AMC again huh, this sub never sleeps",bear
t3_0039205,09/03/2021,GME,GME to the moon 🚀🚀 diamond hands hold the line,bull
t3_0103352,29/03/2021,AMC,we like the stock 💎🙌 $AMC price target 500 easy,bull
t3_0035251,25/02/2021,GME,"$GME moon dump moon dump, pick one already",neu
t3_0053246,20/04/2021,GME,"GME is wild today, no idea where this goes",bear
t3_0131802,09/06/2021,AMC,"$AMC chart looks crazy, anyone else seeing this",bull
t3_0023164,28/01/2021,GME,"hold $GME, never selling, this is the way",bull
t3_0041864,10/03/2021,GME,$GME going to zero... TO THE MOON 🚀 (im not selling),bull
t3_0005221,18/01/2021,GME,buy the dip they said... GME keeps dipping 📉,bear
t3_0145388,11/08/2021,AMC,"AMC bagholders about to get wrecked, short it",bear
t3_0089916,30/08/2021,GME,"GME moving a lot, volume is insane rn",bear
t3_0055498,30/04/2021,GME,idk man GME is doing GME things,bull
t3_0108116,07/05/2021,AMC,buy the dip they said... AMC keeps dipping 📉,bear
t3_0037272,05/03/2021,GME,"GME moving a lot, volume is insane rn",neu
t3_0147621,30/08/2021,AMC,"watching $AMC closely, could go either way 👀",bear
t3_0081573,21/07/2021,GME,"loaded up on GME today, apes together strong 🦍",bull
t3_0067848,14/06/2021,GME,"GME is wild today, no idea where this goes",bull
t3_0000366,05/01/2021,GME,"$GME again huh, this sub never sleeps",bear
t3_0132962,09/06/2021,AMC,"$AMC again huh, this sub never sleeps",bull
t3_0096899,15/02/2021,AMC,"sold all my $AMC, taking profits before the dump",bear
t3_0029863,11/02/2021,GME,"$GME chart looks crazy, anyone else seeing this",bull
t3_0071722,25/06/2021,GME,any DD on $GME? new to this stock,neu
t3_0064224,04/06/2021,GME,"buying more $GME calls, this short squeeze is just starting",bull
t3_0107541,30/04/2021,AMC,"watching $AMC closely, could go either way 👀",bull
t3_0007766,19/01/2021,GME,"watching $GME closely, could go either way 👀",bear
t3_0095983,09/02/2021,AMC,diamond hands on AMC? more like paper hands incoming,bear
t3_0139017,15/06/2021,AMC,"$AMC chart looks crazy, anyone else seeing this",bear
t3_0138066,10/06/2021,AMC,lol GME just game me some tendies bro 😂,neu
t3_0092327,08/01/2021,AMC,"AMC volume looks normal today, sideways action",neu
t3_0095290,02/02/2021,AMC,any DD on $AMC? new to this stock,neu
t3_0063403,02/06/2021,GME,GME is trash but im holding anyway lmao 💎🙌,bull
t3_0011349,22/01/2021,GME,GME is trash but im holding anyway lmao 💎🙌,bull
t3_0118396,04/06/2021,AMC,"watching $AMC closely, could go either way 👀",bull
t3_0019882,27/01/2021,GME,idk man GME is doing GME things,bull
t3_0036238,02/03/2021,GME,"buying more $GME calls, this short squeeze is just starting",bull
t3_0101420,16/03/2021,AMC,"this AMC pump is fake, insiders dumping on retail",bear
t3_0055429,30/04/2021,GME,"$GME chart looks crazy, anyone else seeing this",bear
t3_0085485,10/08/2021,GME,"$GME moon dump moon dump, pick one already",neu
t3_0004270,15/01/2021,GME,"GME is wild today, no idea where this goes",neu
t3_0085821,11/08/2021,GME,🚀🚀🚀🚀🚀🚀 wen lambo 🦍🦍 to the mooooooon,neu
t3_0003974,15/01/2021,GME,"watching $GME closely, could go either way 👀",bear
t3_0088574,23/08/2021,GME,"GME moving a lot, volume is insane rn",neu
t3_0136109,09/06/2021,AMC,"AMC moving a lot, volume is insane rn",bull
t3_0095973,09/02/2021,AMC,"AMC moving a lot, volume is insane rn",neu
t3_0114227,02/06/2021,AMC,"loaded up on AMC today, apes together strong 🦍",bull
t3_0123491,08/06/2021,AMC,AMC is trash but im holding anyway lmao 💎🙌,bull
t3_0147998,30/08/2021,AMC,"AMC moving a lot, volume is insane rn",bear
t3_0143235,19/07/2021,AMC,"holding a small AMC position, watching for now",neu
t3_0061946,27/05/2021,GME,lol GME just game me some tendies bro 😂,neu
t3_0074237,28/06/2021,GME,"watching $GME closely, could go either way 👀",neu
t3_0078505,08/07/2021,GME,"neutral on GME, waiting for a clearer signal",neu
t3_0113656,01/06/2021,AMC,check this https://t.co/abc123 not financial advice,neu
t3_0058945,18/05/2021,GME,"$GME chart looks crazy, anyone else seeing this",bear
t3_0074070,28/06/2021,GME,"$GME is overvalued, this bubble will pop hard",bear
t3_0074160,28/06/2021,GME,"sold all my $GME, taking profits before the dump",bear
t3_0057264,11/05/2021,GME,"GME is wild today, no idea where this goes",neu
t3_0126269,08/06/2021,AMC,check this https://t.co/abc123 not financial advice,neu
t3_0057905,12/05/2021,GME,"GME bagholders about to get wrecked, short it",bear
t3_0031710,16/02/2021,GME,"this GME pump is fake, insiders dumping on retail",bear
t3_0147502,27/08/2021,AMC,"$AMC again huh, this sub never sleeps",neu
t3_0024184,29/01/2021,GME,"$GME again huh, this sub never sleeps",neu
t3_0070929,24/06/2021,GME,"$GME going back to single digits, bearish af",bear
t3_0100870,11/03/2021,AMC,"$AMC moon dump moon dump, pick one already",neu
t3_0023154,28/01/2021,GME,lol GME just game me some tendies bro 😂,neu
t3_0063740,04/06/2021,GME,"GME is wild today, no idea where this goes",neu
t3_0015305,25/01/2021,GME,"GME moving a lot, volume is insane rn",bull
t3_0098527,16/02/2021,AMC,"AMC is wild today, no idea where this goes",bear
t3_0122013,07/06/2021,AMC,AMC is trash but im holding anyway lmao 💎🙌,bull
t3_0052830,19/04/2021,GME,"$GME again huh, this sub never sleeps",neu
t3_0113156,01/06/2021,AMC,"watching $AMC closely, could go either way 👀",bull
t3_0147206,27/08/2021,AMC,diamond hands on AMC? more like paper hands incoming,bear
t3_0079211,12/07/2021,GME,any DD on $GME? new to this stock,neu
t3_0070043,18/06/2021,GME,diamond hands on GME? more like paper hands incoming,bear
t3_0059372,19/05/2021,GME,"GME is wild today, no idea where this goes",neu
t3_0029820,11/02/2021,GME,GME to the moon 🚀🚀 diamond hands hold the line,bull
t3_0007447,19/01/2021,GME,"GME moving a lot, volume is insane rn",bear
t3_0081990,23/07/2021,GME,diamond hands on GME? more like paper hands incoming,bear
t3_0052551,16/04/2021,GME,"GME is wild today, no idea where this goes",bull
t3_0031359,15/02/2021,GME,"neutral on GME, waiting for a clearer signal",neu
t3_0118426,04/06/2021,AMC,"AMC moving a lot, volume is insane rn",neu
t3_0011199,22/01/2021,GME,GME is trash but im holding anyway lmao 💎🙌,bull
t3_0013056,22/01/2021,GME,"everyone says sell GME, so obviously i bought more",bull
t3_0133080,09/06/2021,AMC,"AMC moving a lot, volume is insane rn",bull
t3_0002827,14/01/2021,GME,"this GME pump is fake, insiders dumping on retail",bear
t3_0067122,11/06/2021,GME,GME 🚀🚀 puts and calls and whatever idk,neu
t3_0128171,08/06/2021,AMC,"loaded up on AMC today, apes together strong 🦍",bull
t3_0078454,08/07/2021,GME,is $GME still being talked about here? asking,neu
t3_0096983,15/02/2021,AMC,"$AMC again huh, this sub never sleeps",bear
t3_0067804,14/06/2021,GME,we like the stock 💎🙌 $GME price target 500 easy,bull
t3_0076796,01/07/2021,GME,GME 🚀🚀 puts and calls and whatever idk,neu
t3_0027577,03/02/2021,GME,GME 🚀🚀 puts and calls and whatever idk,neu
t3_0043338,12/03/2021,GME,"GME moving a lot, volume is insane rn",bull
t3_0003184,14/01/2021,GME,"puts on GME, the squeeze is over, dead cat bounce",bear
t3_0109004,13/05/2021,AMC,"$AMC gamma squeeze incoming, hedgies are done. YOLO 100k",bull
t3_0040145,09/03/2021,GME,"loaded up on GME today, apes together strong 🦍",bull
t3_0115021,02/06/2021,AMC,lol GME just game me some tendies bro 😂,neu
t3_0028654,08/02/2021,GME,"watching $GME closely, could go either way 👀",bear
t3_0095620,05/02/2021,AMC,"$AMC chart looks crazy, anyone else seeing this",neu
t3_0139277,16/06/2021,AMC,"sold all my $AMC, taking profits before the dump",bear
t3_0019213,26/01/2021,GME,"$GME chart looks crazy, anyone else seeing this",bull
t3_0050927,09/04/2021,GME,diamond hands on GME? more like paper hands incoming,bear
t3_0075938,01/07/2021,GME,$GME to the moon 🚀 said the bagholder before the dump,bear
t3_0035763,01/03/2021,GME,$GME going to zero... TO THE MOON 🚀 (im not selling),bull
t3_0100183,03/03/2021,AMC,"AMC moving a lot, volume is insane rn",neu
t3_0103378,29/03/2021,AMC,buy the dip they said... AMC keeps dipping 📉,bear
t3_0064783,09/06/2021,GME,"hold $GME, never selling, this is the way",bull
t3_0055403,29/04/2021,GME,"watching $GME closely, could go either way 👀",bull
t3_0132380,09/06/2021,AMC,"buying more $AMC calls, this short squeeze is just starting",bull
t3_0145348,11/08/2021,AMC,"buying more $AMC calls, this short squeeze is just starting",bull
t3_0049807,08/04/2021,GME,"$GME is overvalued, this bubble will pop hard",bear
t3_0020617,27/01/2021,GME,"all in on GME leaps, retail is winning this one",bull
t3_0045312,24/03/2021,GME,"GME moving a lot, volume is insane rn",neu
t3_0029279,09/02/2021,GME,$GME to the moon 🚀 said the bagholder before the dump,bear
t3_0036069,02/03/2021,GME,GME is trash but im holding anyway lmao 💎🙌,bull
t3_0078376,08/07/2021,GME,"GME moving a lot, volume is insane rn",neu
t3_0014455,22/01/2021,GME,anyone have the GME float numbers handy,neu
t3_0090179,30/08/2021,GME,"$GME gamma squeeze incoming, hedgies are done. YOLO 100k",bull
t3_0034367,24/02/2021,GME,"GME moving a lot, volume is insane rn",neu
t3_0113307,01/06/2021,AMC,"$AMC chart looks crazy, anyone else seeing this",bull
t3_0113450,01/06/2021,AMC,"buying more $AMC calls, this short squeeze is just starting",bull
t3_0077154,02/07/2021,GME,"neutral on GME, waiting for a clearer signal",neu
t3_0015324,25/01/2021,GME,"watching $GME closely, could go either way 👀",neu
t3_0122378,07/06/2021,AMC,"$AMC breaking resistance, tendies on the way 🤑",bull
t3_0116312,03/06/2021,AMC,"$AMC chart looks crazy, anyone else seeing this",bull
t3_0006361,18/01/2021,GME,"$GME again huh, this sub never sleeps",bear
t3_0028024,05/02/2021,GME,"$GME again huh, this sub never sleeps",bear
t3_0135799,09/06/2021,AMC,lol GME just game me some tendies bro 😂,neu
t3_0085684,11/08/2021,GME,$GME to the moon 🚀 said the bagholder before the dump,bear
t3_0005369,18/01/2021,GME,diamond hands on GME? more like paper hands incoming,bear
t3_0105045,06/04/2021,AMC,AMC is trash but im holding anyway lmao 💎🙌,bull
t3_0111078,31/05/2021,AMC,any DD on $AMC? new to this stock,neu
t3_0035905,01/03/2021,GME,"$GME is overvalued, this bubble will pop hard",bear
t3_0136875,10/06/2021,AMC,"everyone says sell AMC, so obviously i bought more",bull
t3_0083982,30/07/2021,GME,"$GME options chain looks thin, low IV today",neu
t3_0066892,11/06/2021,GME,"GME is wild today, no idea where this goes",bull
t3_0020268,27/01/2021,GME,"$GME again huh, this sub never sleeps",neu
t3_0120148,07/06/2021,AMC,"watching $AMC closely, could go either way 👀",bull
t3_0045533,25/03/2021,GME,"GME moving a lot, volume is insane rn",bear
t3_0140285,22/06/2021,AMC,"AMC moving a lot, volume is insane rn",bear
t3_0051678,13/04/2021,GME,idk man GME is doing GME things,neu
t3_0145452,12/08/2021,AMC,$AMC to the moon 🚀 said the bagholder before the dump,bear
t3_0093146,13/01/2021,AMC,diamond hands on AMC? more like paper hands incoming,bear
t3_0023502,28/01/2021,GME,GME 🚀🚀 puts and calls and whatever idk,neu
t3_0122004,07/06/2021,AMC,"AMC moving a lot, volume is insane rn",bull
t3_0068405,15/06/2021,GME,idk man GME is doing GME things,neu
t3_0009815,22/01/2021,GME,$GME going to zero... TO THE MOON 🚀 (im not selling),bull
t3_0033728,19/02/2021,GME,idk man GME is doing GME things,neu
t3_0013144,22/01/2021,GME,"watching $GME closely, could go either way 👀",bull
t3_0018058,26/01/2021,GME,"GME is wild today, no idea where this goes",bull
t3_0006108,18/01/2021,GME,🚀🚀🚀🚀🚀🚀 wen lambo 🦍🦍 to the mooooooon,neu
t3_0147844,30/08/2021,AMC,$AMC to the moon 🚀 said the bagholder before the dump,bear
t3_0088140,20/08/2021,GME,"BB big buy on everything, no ticker here",neu
t3_0065936,11/06/2021,GME,we like the stock 💎🙌 $GME price target 500 easy,bull
t3_0016489,25/01/2021,GME,🚀🚀🚀🚀🚀🚀 wen lambo 🦍🦍 to the mooooooon,neu
t3_0046061,29/03/2021,GME,"GME moving a lot, volume is insane rn",bull
t3_0086933,16/08/2021,GME,"$GME options chain looks thin, low IV today",neu
t3_0146724,24/08/2021,AMC,diamond hands on AMC? more like paper hands incoming,bear
t3_0047300,05/04/2021,GME,"watching $GME closely, could go either way 👀",bear
t3_0041114,09/03/2021,GME,"all in on GME leaps, retail is winning this one",bull
t3_0116013,03/06/2021,AMC,"$AMC chart looks crazy, anyone else seeing this",bull
t3_0109488,19/05/2021,AMC,"AMC volume looks normal today, sideways action",neu
t3_0109901,24/05/2021,AMC,AMC is trash but im holding anyway lmao 💎🙌,bull
t3_0103415,29/03/2021,AMC,"$AMC chart looks crazy, anyone else seeing this",bear
t3_0072822,28/06/2021,GME,"puts on GME, the squeeze is over, dead cat bounce",bear
t3_0053168,20/04/2021,GME,"GME bagholders about to get wrecked, short it",bear
t3_0053653,21/04/2021,GME,"watching $GME closely, could go either way 👀",bear
t3_0059457,19/05/2021,GME,"$GME again huh, this sub never sleeps",neu
t3_0032084,16/02/2021,GME,"$GME again huh, this sub never sleeps",bear
t3_0043538,12/03/2021,GME,"GME is wild today, no idea where this goes",bear
t3_0090572,31/08/2021,GME,"GME bagholders about to get wrecked, short it",bear
t3_0001565,12/01/2021,GME,"GME is wild today, no idea where this goes",neu
t3_0009289,22/01/2021,GME,"all in on GME leaps, retail is winning this one",bull
t3_0090969,31/08/2021,GME,"watching $GME closely, could go either way 👀",bear
t3_0056737,06/05/2021,GME,check this https://t.co/abc123 not financial advice,neu
t3_0036034,02/03/2021,GME,idk man GME is doing GME things,neu
t3_0077553,06/07/2021,GME,"sold all my $GME, taking profits before the dump",bear
t3_0096015,09/02/2021,AMC,"$AMC moon dump moon dump, pick one already",neu
t3_0041030,09/03/2021,GME,GME is trash but im holding anyway lmao 💎🙌,bull
t3_0024563,29/01/2021,GME,"hold $GME, never selling, this is the way",bull
t3_0025121,29/01/2021,GME,"$GME again huh, this sub never sleeps",bull
t3_0097007,15/02/2021,AMC,"$AMC chart looks crazy, anyone else seeing this",bear
t3_0089548,27/08/2021,GME,"shorting $GME here, fundamentals are trash",bear
t3_0141870,05/07/2021,AMC,"$AMC again huh, this sub never sleeps",neu
t3_0077939,06/07/2021,GME,"sold all my $GME, taking profits before the dump",bear
t3_0027408,02/02/2021,GME,"GME moving a lot, volume is insane rn",bear
t3_0145948,17/08/2021,AMC,"AMC moving a lot, volume is insane rn",bear
t3_0034745,24/02/2021,GME,"$GME chart looks crazy, anyone else seeing this",bull
t3_0077802,06/07/2021,GME,buy the dip they said... GME keeps dipping 📉,bear
t3_0145420,11/08/2021,AMC,"closed my AMC position, momentum is gone",bear
t3_0101551,17/03/2021,AMC,"$AMC again huh, this sub never sleeps",neu
t3_0093591,19/01/2021,AMC,we like the stock 💎🙌 $AMC price target 500 easy,bull
t3_0034929,24/02/2021,GME,"loaded up on GME today, apes together strong 🦍",bull
t3_0027094,01/02/2021,GME,"BB big buy on everything, no ticker here",neu
t3_0055532,30/04/2021,GME,$GME going to zero... TO THE MOON 🚀 (im not selling),bull
t3_0060266,25/05/2021,GME,"watching $GME closely, could go either way 👀",bull
t3_0141465,01/07/2021,AMC,"$AMC options chain looks thin, low IV today",neu
t3_0008470,22/01/2021,GME,"buying more $GME calls, this short squeeze is just starting",bull
t3_0086981,16/08/2021,GME,"everyone says sell GME, so obviously i bought more",bull
t3_0115738,02/06/2021,AMC,"watching $AMC closely, could go either way 👀",bull
t3_0097340,15/02/2021,AMC,"$AMC is overvalued, this bubble will pop hard",bear
t3_0061244,26/05/2021,GME,buy the dip they said... GME keeps dipping 📉,bear
t3_0006985,18/01/2021,GME,"GME is wild today, no idea where this goes",bear
t3_0078600,09/07/2021,GME,diamond hands on GME? more like paper hands incoming,bear
t3_0139516,17/06/2021,AMC,idk man AMC is doing AMC things,neu
t3_0022059,28/01/2021,GME,"$GME again huh, this sub never sleeps",bull
t3_0069896,18/06/2021,GME,diamond hands on GME? more like paper hands incoming,bear
t3_0028512,08/02/2021,GME,"$GME again huh, this sub never sleeps",bear
t3_0078263,07/07/2021,GME,"GME is wild today, no idea where this goes",bear
t3_0136633,09/06/2021,AMC,"$AMC again huh, this sub never sleeps",bull
t3_0145505,12/08/2021,AMC,AMC 🚀🚀 puts and calls and whatever idk,neu
t3_0082504,26/07/2021,GME,"loaded up on GME today, apes together strong 🦍",bull
t3_0050677,09/04/2021,GME,$GME to the moon 🚀 said the bagholder before the dump,bear
t3_0074010,28/06/2021,GME,"GME moving a lot, volume is insane rn",bear
t3_0098186,15/02/2021,AMC,diamond hands on AMC? more like paper hands incoming,bear
t3_0142879,14/07/2021,AMC,lol GME just game me some tendies bro 😂,neu
t3_0051389,12/04/2021,GME,"this GME pump is fake, insiders dumping on retail",bear
t3_0047632,06/04/2021,GME,"GME moving a lot, volume is insane rn",neu
t3_0126698,08/06/2021,AMC,"watching $AMC closely, could go either way 👀",bull
t3_0057644,12/05/2021,GME,"BB big buy on everything, no ticker here",neu
t3_0095485,04/02/2021,AMC,"watching $AMC closely, could go either way 👀",bull
t3_0057614,11/05/2021,GME,"BB big buy on everything, no ticker here",neu
t3_0007016,18/01/2021,GME,$GME to the moon 🚀 said the bagholder before the dump,bear
t3_0112940,01/06/2021,AMC,check this https://t.co/abc123 not financial advice,neu
t3_0103616,31/03/2021,AMC,"hold $AMC, never selling, this is the way",bull
t3_0056065,04/05/2021,GME,"GME is wild today, no idea where this goes",neu
t3_0060347,25/05/2021,GME,"watching $GME closely, could go either way 👀",bull
t3_0086712,13/08/2021,GME,"loaded up on GME today, apes together strong 🦍",bull
t3_0146509,20/08/2021,AMC,is $AMC still being talked about here? asking,neu
t3_0070757,24/06/2021,GME,check this https://t.co/abc123 not financial advice,neu
t3_0088273,20/08/2021,GME,"GME is wild today, no idea where this goes",bear
t3_0064864,09/06/2021,GME,"$GME again huh, this sub never sleeps",neu
t3_0023332,28/01/2021,GME,"BB big buy on everything, no ticker here",neu
t3_0077386,05/07/2021,GME,"GME is wild today, no idea where this goes",bear
t3_0128112,08/06/2021,AMC,"buying more $AMC calls, this short squeeze is just starting",bull
t3_0073276,28/06/2021,GME,$GME to the moon 🚀 said the bagholder before the dump,bear
t3_0011576,22/01/2021,GME,"$GME again huh, this sub never sleeps",bull
t3_0004381,15/01/2021,GME,diamond hands on GME? more like paper hands incoming,bear
t3_0118319,04/06/2021,AMC,AMC is trash but im holding anyway lmao 💎🙌,bull
t3_0080596,15/07/2021,GME,"GME is wild today, no idea where this goes",bear
t3_0077855,06/07/2021,GME,anyone have the GME float numbers handy,neu
t3_0079344,12/07/2021,GME,"$GME again huh, this sub never sleeps",bull
t3_0047295,05/04/2021,GME,"$GME again huh, this sub never sleeps",bull
t3_0028080,05/02/2021,GME,"$GME again huh, this sub never sleeps",bull
t3_0081867,22/07/2021,GME,"GME is wild today, no idea where this goes",bull
t3_0069836,18/06/2021,GME,GME 🚀🚀 puts and calls and whatever idk,neu
t3_0060380,25/05/2021,GME,"$GME again huh, this sub never sleeps",bull
t3_0106790,23/04/2021,AMC,idk man AMC is doing AMC things,neu
t3_0094685,27/01/2021,AMC,AMC is trash but im holding anyway lmao 💎🙌,bull
t3_0025080,29/01/2021,GME,"$GME again huh, this sub never sleeps",bull
t3_0094600,26/01/2021,AMC,"everyone says sell AMC, so obviously i bought more",bull
t3_0058091,13/05/2021,GME,"watching $GME closely, could go either way 👀",neu
t3_0105848,15/04/2021,AMC,"AMC is wild today, no idea where this goes",neu
t3_0002218,14/01/2021,GME,"GME moving a lot, volume is insane rn",bear
t3_0111092,31/05/2021,AMC,"$AMC again huh, this sub never sleeps",bull
t3_0085132,09/08/2021,GME,"$GME options chain looks thin, low IV today",neu
t3_0106031,16/04/2021,AMC,"AMC is wild today, no idea where this goes",bear
t3_0143223,19/07/2021,AMC,"AMC is wild today, no idea where this goes",bear
t3_0024047,29/01/2021,GME,"$GME again huh, this sub never sleeps",neu
t3_0005038,15/01/2021,GME,"$GME again huh, this sub never sleeps",bear
t3_0053779,22/04/2021,GME,"watching $GME closely, could go either way 👀",neu
t3_0113472,01/06/2021,AMC,"$AMC again huh, this sub never sleeps",bull
t3_0081643,21/07/2021,GME,"$GME chart looks crazy, anyone else seeing this",neu
t3_0022815,28/01/2021,GME,$GME going to zero... TO THE MOON 🚀 (im not selling),bull
t3_0044074,17/03/2021,GME,"GME volume looks normal today, sideways action",neu
t3_0119310,07/06/2021,AMC,"all in on AMC leaps, retail is winning this one",bull
t3_0100922,12/03/2021,AMC,🚀🚀🚀🚀🚀🚀 wen lambo 🦍🦍 to the mooooooon,neu
t3_0044320,18/03/2021,GME,"watching $GME closely, could go either way 👀",neu
t3_0006392,18/01/2021,GME,"this GME pump is fake, insiders dumping on retail",bear
t3_0108144,07/05/2021,AMC,$AMC to the moon 🚀 said the bagholder before the dump,bear
t3_0046594,01/04/2021,GME,"$GME chart looks crazy, anyone else seeing this",bull
t3_0021320,27/01/2021,GME,"$GME again huh, this sub never sleeps",bull
t3_0052159,15/04/2021,GME,"GME is wild today, no idea where this goes",neu
t3_0079933,14/07/2021,GME,"$GME moon dump moon dump, pick one already",neu
t3_0049496,08/04/2021,GME,"GME moving a lot, volume is insane rn",neu
t3_0006409,18/01/2021,GME,"GME moving a lot, volume is insane rn",bear
t3_0033188,19/02/2021,GME,GME to the moon 🚀🚀 diamond hands hold the line,bull
t3_0003707,14/01/2021,GME,buy the dip they said... GME keeps dipping 📉,bear
t3_0023610,28/01/2021,GME,"everyone says sell GME, so obviously i bought more",bull
t3_0085755,11/08/2021,GME,"$GME gamma squeeze incoming, hedgies are done. YOLO 100k",bull
t3_0001285,08/01/2021,GME,"GME moving a lot, volume is insane rn",bear
t3_0043086,10/03/2021,GME,"$GME again huh, this sub never sleeps",bull
t3_0074235,28/06/2021,GME,"holding a small GME position, watching for now",neu
t3_0031644,16/02/2021,GME,"GME bagholders about to get wrecked, short it",bear
t3_0054963,28/04/2021,GME,"GME bagholders about to get wrecked, short it",bear
t3_0054071,26/04/2021,GME,lol GME just game me some tendies bro 😂,neu
t3_0068214,14/06/2021,GME,$GME going to zero... TO THE MOON 🚀 (im not selling),bull
t3_0020748,27/01/2021,GME,check this https://t.co/abc123 not financial advice,neu
t3_0047171,05/04/2021,GME,$GME to the moon 🚀 said the bagholder before the dump,bear
t3_0094830,28/01/2021,AMC,🚀🚀🚀🚀🚀🚀 wen lambo 🦍🦍 to the mooooooon,neu
t3_0051956,14/04/2021,GME,"$GME breaking resistance, tendies on the way 🤑",bull
t3_0137807,10/06/2021,AMC,"watching $AMC closely, could go either way 👀",bull
t3_0091027,31/08/2021,GME,any DD on $GME? new to this stock,neu
t3_0124601,08/06/2021,AMC,$AMC going to zero... TO THE MOON 🚀 (im not selling),bull
t3_0093571,18/01/2021,AMC,diamond hands on AMC? more like paper hands incoming,bear
t3_0090563,31/08/2021,GME,diamond hands on GME? more like paper hands incoming,bear
t3_0065602,10/06/2021,GME,"closed my GME position, momentum is gone",bear
t3_0047095,05/04/2021,GME,"$GME going back to single digits, bearish af",bear
t3_0048632,07/04/2021,GME,"$GME chart looks crazy, anyone else seeing this",neu
t3_0034685,24/02/2021,GME,lol GME just game me some tendies bro 😂,neu
t3_0082954,27/07/2021,GME,"holding a small GME position, watching for now",neu
t3_0003845,14/01/2021,GME,"$GME chart looks crazy, anyone else seeing this",bear
t3_0099404,25/02/2021,AMC,idk man AMC is doing AMC things,bear
t3_0090802,31/08/2021,GME,"$GME chart looks crazy, anyone else seeing this",bear
t3_0126591,08/06/2021,AMC,"$AMC breaking resistance, tendies on the way 🤑",bull
t3_0112257,01/06/2021,AMC,"watching $AMC closely, could go either way 👀",bull
t3_0068918,16/06/2021,GME,"loaded up on GME today, apes together strong 🦍",bull
t3_0122421,07/06/2021,AMC,we like the stock 💎🙌 $AMC price target 500 easy,bull
t3_0043511,12/03/2021,GME,"$GME moon dump moon dump, pick one already",neu
t3_0076823,01/07/2021,GME,"GME moving a lot, volume is insane rn",bear
t3_0109571,20/05/2021,AMC,idk man AMC is doing AMC things,bear
t3_0108404,10/05/2021,AMC,"closed my AMC position, momentum is gone",bear
t3_0076396,01/07/2021,GME,"GME is wild today, no idea where this goes",bear
t3_0062580,31/05/2021,GME,check this https://t.co/abc123 not financial advice,neu
t3_0093381,15/01/2021,AMC,"AMC is wild today, no idea where this goes",bull
t3_0071575,25/06/2021,GME,"$GME options chain looks thin, low IV today",neu
t3_0124973,08/06/2021,AMC,"hold $AMC, never selling, this is the way",bull
t3_0085170,09/08/2021,GME,"GME moving a lot, volume is insane rn",bear
t3_0087081,17/08/2021,GME,"watching $GME closely, could go either way 👀",neu
t3_0080954,16/07/2021,GME,"GME bagholders about to get wrecked, short it",bear
t3_0057071,10/05/2021,GME,"puts on GME, the squeeze is over, dead cat bounce",bear
t3_0124911,08/06/2021,AMC,"AMC is wild today, no idea where this goes",bull
t3_0037020,04/03/2021,GME,"everyone says sell GME, so obviously i bought more",bull
t3_0085152,09/08/2021,GME,lol GME just game me some tendies bro 😂,neu
t3_0025914,29/01/2021,GME,"$GME again huh, this sub never sleeps",neu
t3_0070378,22/06/2021,GME,what do you guys think about GME earnings next week,neu
t3_0084630,04/08/2021,GME,diamond hands on GME? more like paper hands incoming,bear
t3_0108560,11/05/2021,AMC,"$AMC is overvalued, this bubble will pop hard",bear
t3_0004224,15/01/2021,GME,"watching $GME closely, could go either way 👀",bear
t3_0021734,28/01/2021,GME,"watching $GME closely, could go either way 👀",bull
t3_0034650,24/02/2021,GME,"$GME again huh, this sub never sleeps",bull
t3_0059140,18/05/2021,GME,"$GME again huh, this sub never sleeps",neu
t3_0109286,18/05/2021,AMC,$AMC to the moon 🚀 said the bagholder before the dump,bear
t3_0141159,29/06/2021,AMC,"$AMC going back to single digits, bearish af",bear
t3_0018913,26/01/2021,GME,"$GME gamma squeeze incoming, hedgies are done. YOLO 100k",bull
t3_0017249,26/01/2021,GME,"GME is wild today, no idea where this goes",bull
t3_0004315,15/01/2021,GME,$GME to the moon 🚀 said the bagholder before the dump,bear
t3_0057989,13/05/2021,GME,"$GME moon dump moon dump, pick one already",neu
t3_0075399,30/06/2021,GME,"watching $GME closely, could go either way 👀",bear
t3_0008941,22/01/2021,GME,check this https://t.co/abc123 not financial advice,neu
t3_0143889,26/07/2021,AMC,"AMC is wild today, no idea where this goes",neu
t3_0118434,04/06/2021,AMC,"all in on AMC leaps, retail is winning this one",bull
t3_0079848,14/07/2021,GME,"all in on GME leaps, retail is winning this one",bull
t3_0080057,15/07/2021,GME,"$GME again huh, this sub never sleeps",bear
t3_0125480,08/06/2021,AMC,"$AMC chart looks crazy, anyone else seeing this",bull
t3_0099720,01/03/2021,AMC,"AMC bagholders about to get wrecked, short it",bear
t3_0003721,14/01/2021,GME,"GME is wild today, no idea where this goes",bear
t3_0030160,11/02/2021,GME,GME is trash but im holding anyway lmao 💎🙌,bull
t3_0063019,01/06/2021,GME,what do you guys think about GME earnings next week,neu
t3_0135315,09/06/2021,AMC,"AMC is wild today, no idea where this goes",bull
t3_0109983,25/05/2021,AMC,"$AMC moon dump moon dump, pick one already",neu
t3_0060298,25/05/2021,GME,idk man GME is doing GME things,bull
t3_0046789,02/04/2021,GME,"GME is wild today, no idea where this goes",neu
t3_0062870,31/05/2021,GME,"GME volume looks normal today, sideways action",neu
t3_0068860,15/06/2021,GME,lol GME just game me some tendies bro 😂,neu
t3_0031835,16/02/2021,GME,"GME is wild today, no idea where this goes",bear
t3_0139446,16/06/2021,AMC,"AMC moving a lot, volume is insane rn",neu
t3_0112111,01/06/2021,AMC,"watching $AMC closely, could go either way 👀",bull
t3_0075998,01/07/2021,GME,"GME moving a lot, volume is insane rn",neu
t3_0048204,07/04/2021,GME,"closed my GME position, momentum is gone",bear
t3_0079536,13/07/2021,GME,"GME is wild today, no idea where this goes",neu
t3_0007674,19/01/2021,GME,"$GME again huh, this sub never sleeps",bear
t3_0018102,26/01/2021,GME,"$GME chart looks crazy, anyone else seeing this",bull
t3_0069542,17/06/2021,GME,"$GME going back to single digits, bearish af",bear
t3_0109444,19/05/2021,AMC,"$AMC moon dump moon dump, pick one already",neu
t3_0134893,09/06/2021,AMC,check this https://t.co/abc123 not financial advice,neu
t3_0035976,02/03/2021,GME,lol GME just game me some tendies bro 😂,neu
t3_0105430,12/04/2021,AMC,"watching $AMC closely, could go either way 👀",bull
t3_0036656,03/03/2021,GME,"GME moving a lot, volume is insane rn",bull
t3_0089198,25/08/2021,GME,"shorting $GME here, fundamentals are trash",bear
t3_0093760,20/01/2021,AMC,"$AMC chart looks crazy, anyone else seeing this",bear
t3_0086977,16/08/2021,GME,buy the dip they said... GME keeps dipping 📉,bear
t3_0047071,05/04/2021,GME,"$GME is overvalued, this bubble will pop hard",bear
t3_0063763,04/06/2021,GME,"GME is wild today, no idea where this goes",neu
t3_0093742,20/01/2021,AMC,"$AMC moon dump moon dump, pick one already",neu
t3_0045855,26/03/2021,GME,"everyone says sell GME, so obviously i bought more",bull
t3_0085343,10/08/2021,GME,"BB big buy on everything, no ticker here",neu
t3_0050446,09/04/2021,GME,buy the dip they said... GME keeps dipping 📉,bear
t3_0001744,12/01/2021,GME,"$GME again huh, this sub never sleeps",neu
t3_0147980,30/08/2021,AMC,"$AMC chart looks crazy, anyone else seeing this",neu
t3_0143695,22/07/2021,AMC,"$AMC again huh, this sub never sleeps",bear
t3_0036899,04/03/2021,GME,"watching $GME closely, could go either way 👀",neu
t3_0096374,11/02/2021,AMC,diamond hands on AMC? more like paper hands incoming,bear
t3_0125562,08/06/2021,AMC,"$AMC gamma squeeze incoming, hedgies are done. YOLO 100k",bull
t3_0104096,02/04/2021,AMC,"closed my AMC position, momentum is gone",bear
t3_0018764,26/01/2021,GME,"BB big buy on everything, no ticker here",neu
t3_0102645,25/03/2021,AMC,"$AMC again huh, this sub never sleeps",bear
t3_0092772,12/01/2021,AMC,"$AMC breaking resistance, tendies on the way 🤑",bull
t3_0038786,08/03/2021,GME,"GME is wild today, no idea where this goes",bull
t3_0037120,04/03/2021,GME,GME 🚀🚀 puts and calls and whatever idk,neu
t3_0112249,01/06/2021,AMC,idk man AMC is doing AMC things,neu
t3_0109139,14/05/2021,AMC,idk man AMC is doing AMC things,neu
t3_0027989,05/02/2021,GME,check this https://t.co/abc123 not financial advice,neu
t3_0000647,06/01/2021,GME,"GME moving a lot, volume is insane rn",neu
t3_0129772,08/06/2021,AMC,"loaded up on AMC today, apes together strong 🦍",bull
t3_0090620,31/08/2021,GME,idk man GME is doing GME things,bear
t3_0043542,12/03/2021,GME,"$GME options chain looks thin, low IV today",neu
t3_0089275,25/08/2021,GME,GME 🚀🚀 puts and calls and whatever idk,neu
t3_0085672,11/08/2021,GME,GME is trash but im holding anyway lmao 💎🙌,bull
t3_0130773,09/06/2021,AMC,"all in on AMC leaps, retail is winning this one",bull
t3_0090265,31/08/2021,GME,is $GME still being talked about here? asking,neu
t3_0030810,12/02/2021,GME,"$GME chart looks crazy, anyone else seeing this",bear
t3_0052641,16/04/2021,GME,lol GME just game me some tendies bro 😂,neu
t3_0117226,04/06/2021,AMC,"all in on AMC leaps, retail is winning this one",bull
t3_0050760,09/04/2021,GME,$GME to the moon 🚀 said the bagholder before the dump,bear
t3_0089923,30/08/2021,GME,idk man GME is doing GME things,bear
t3_0083803,30/07/2021,GME,lol GME just game me some tendies bro 😂,neu
t3_0100853,11/03/2021,AMC,"all in on AMC leaps, retail is winning this one",bull
t3_0044569,19/03/2021,GME,"GME moving a lot, volume is insane rn",neu
t3_0105774,14/04/2021,AMC,buy the dip they said... AMC keeps dipping 📉,bear
t3_0052958,19/04/2021,GME,diamond hands on GME? more like paper hands incoming,bear
t3_0004576,15/01/2021,GME,$GME to the moon 🚀 said the bagholder before the dump,bear
t3_0142800,14/07/2021,AMC,"AMC moving a lot, volume is insane rn",neu
t3_0019925,27/01/2021,GME,"$GME again huh, this sub never sleeps",bull
t3_0103445,29/03/2021,AMC,"$AMC chart looks crazy, anyone else seeing this",bear
t3_0102986,26/03/2021,AMC,"AMC is wild today, no idea where this goes",bear
t3_0073051,28/06/2021,GME,"this GME pump is fake, insiders dumping on retail",bear
t3_0055890,04/05/2021,GME,"BB big buy on everything, no ticker here",neu
t3_0050178,09/04/2021,GME,"puts on GME, the squeeze is over, dead cat bounce",bear
t3_0008359,21/01/2021,GME,diamond hands on GME? more like paper hands incoming,bear
t3_0003391,14/01/2021,GME,lol GME just game me some tendies bro 😂,neu
t3_0047271,05/04/2021,GME,"GME is wild today, no idea where this goes",bear
t3_0062428,31/05/2021,GME,anyone have the GME float numbers handy,neu
t3_0064111,04/06/2021,GME,"$GME is overvalued, this bubble will pop hard",bear
t3_0033540,19/02/2021,GME,"all in on GME leaps, retail is winning this one",bull
t3_0055765,03/05/2021,GME,any DD on $GME? new to this stock,neu
t3_0049634,08/04/2021,GME,"closed my GME position, momentum is gone",bear
t3_0067137,11/06/2021,GME,"GME moving a lot, volume is insane rn",bull
t3_0002205,14/01/2021,GME,idk man GME is doing GME things,bear
t3_0075610,01/07/2021,GME,lol GME just game me some tendies bro 😂,neu
t3_0085492,10/08/2021,GME,idk man GME is doing GME things,bear
t3_0088196,20/08/2021,GME,"$GME moon dump moon dump, pick one already",neu
t3_0051446,12/04/2021,GME,"$GME again huh, this sub never sleeps",bull
t3_0098882,19/02/2021,AMC,"holding a small AMC position, watching for now",neu
t3_0040050,09/03/2021,GME,"loaded up on GME today, apes together strong 🦍",bull
t3_0099515,25/02/2021,AMC,"$AMC chart looks crazy, anyone else seeing this",neu
t3_0003223,14/01/2021,GME,"watching $GME closely, could go either way 👀",bear
t3_0118791,04/06/2021,AMC,"all in on AMC leaps, retail is winning this one",bull
t3_0078350,08/07/2021,GME,"buying more $GME calls, this short squeeze is just starting",bull
t3_0068157,14/06/2021,GME,"GME is wild today, no idea where this goes",bull
t3_0088873,24/08/2021,GME,"GME is wild today, no idea where this goes",neu
t3_0039382,09/03/2021,GME,"$GME options chain looks thin, low IV today",neu
t3_0105435,12/04/2021,AMC,🚀🚀🚀🚀🚀🚀 wen lambo 🦍🦍 to the mooooooon,neu
t3_0004434,15/01/2021,GME,"GME bagholders about to get wrecked, short it",bear
t3_0076813,01/07/2021,GME,"$GME chart looks crazy, anyone else seeing this",bear
t3_0134890,09/06/2021,AMC,"hold $AMC, never selling, this is the way",bull
t3_0040263,09/03/2021,GME,check this https://t.co/abc123 not financial advice,neu
t3_0130450,08/06/2021,AMC,"all in on AMC leaps, retail is winning this one",bull
t3_0066203,11/06/2021,GME,idk man GME is doing GME things,bull
t3_0102774,26/03/2021,AMC,"AMC is wild today, no idea where this goes",bear
t3_0043246,11/03/2021,GME,what do you guys think about GME earnings next week,neu
t3_0024364,29/01/2021,GME,$GME going to zero... TO THE MOON 🚀 (im not selling),bull
t3_0064222,04/06/2021,GME,"GME volume looks normal today, sideways action",neu
t3_0142858,14/07/2021,AMC,"AMC moving a lot, volume is insane rn",bull
t3_0049089,08/04/2021,GME,idk man GME is doing GME things,bear
t3_0105448,12/04/2021,AMC,"$AMC chart looks crazy, anyone else seeing this",bull
t3_0005675,18/01/2021,GME,"GME is wild today, no idea where this goes",bear
t3_0112906,01/06/2021,AMC,idk man AMC is doing AMC things,bull
t3_0013454,22/01/2021,GME,check this https://t.co/abc123 not financial advice,neu
t3_0087356,18/08/2021,GME,"$GME breaking resistance, tendies on the way 🤑",bull
t3_0123906,08/06/2021,AMC,"AMC is wild today, no idea where this goes",bull
t3_0090989,31/08/2021,GME,diamond hands on GME? more like paper hands incoming,bear
t3_0091406,31/08/2021,GME,"GME moving a lot, volume is insane rn",neu
t3_0037902,08/03/2021,GME,"everyone says sell GME, so obviously i bought more",bull
t3_0108931,12/05/2021,AMC,"$AMC again huh, this sub never sleeps",bull
t3_0100096,02/03/2021,AMC,$AMC to the moon 🚀 said the bagholder before the dump,bear
t3_0088523,23/08/2021,GME,idk man GME is doing GME things,bull
t3_0118266,04/06/2021,AMC,check this https://t.co/abc123 not financial advice,neu
t3_0007832,19/01/2021,GME,"sold all my $GME, taking profits before the dump",bear
t3_0053741,22/04/2021,GME,"$GME moon dump moon dump, pick one already",neu
t3_0023946,29/01/2021,GME,"$GME gamma squeeze incoming, hedgies are done. YOLO 100k",bull
t3_0111899,01/06/2021,AMC,idk man AMC is doing AMC things,bull
t3_0077740,06/07/2021,GME,$GME going to zero... TO THE MOON 🚀 (im not selling),bull
t3_0086022,11/08/2021,GME,"$GME again huh, this sub never sleeps",neu
t3_0142129,07/07/2021,AMC,"$AMC chart looks crazy, anyone else seeing this",bear
t3_0134130,09/06/2021,AMC,"watching $AMC closely, could go either way 👀",bull
t3_0103152,26/03/2021,AMC,idk man AMC is doing AMC things,bear
t3_0072836,28/06/2021,GME,"$GME chart looks crazy, anyone else seeing this",bear
t3_0024991,29/01/2021,GME,"watching $GME closely, could go either way 👀",bull
t3_0114453,02/06/2021,AMC,"watching $AMC closely, could go either way 👀",bull
t3_0109702,21/05/2021,AMC,"watching $AMC closely, could go either way 👀",neu
t3_0003267,14/01/2021,GME,"GME bagholders about to get wrecked, short it",bear
t3_0048810,08/04/2021,GME,"$GME is overvalued, this bubble will pop hard",bear
t3_0025644,29/01/2021,GME,"GME moving a lot, volume is insane rn",bull
t3_0076242,01/07/2021,GME,"$GME is overvalued, this bubble will pop hard",bear
t3_0066600,11/06/2021,GME,$GME going to zero... TO THE MOON 🚀 (im not selling),bull
t3_0147529,27/08/2021,AMC,"$AMC options chain looks thin, low IV today",neu
t3_0007653,19/01/2021,GME,GME 🚀🚀 puts and calls and whatever idk,neu
t3_0102612,25/03/2021,AMC,idk man AMC is doing AMC things,neu
t3_0043067,10/03/2021,GME,"everyone says sell GME, so obviously i bought more",bull
t3_0120117,07/06/2021,AMC,🚀🚀🚀🚀🚀🚀 wen lambo 🦍🦍 to the mooooooon,neu
t3_0136542,09/06/2021,AMC,"watching $AMC closely, could go either way 👀",bull
t3_0089203,25/08/2021,GME,"watching $GME closely, could go either way 👀",bear
t3_0069357,17/06/2021,GME,"GME moving a lot, volume is insane rn",bull
t3_0110285,28/05/2021,AMC,"everyone says sell AMC, so obviously i bought more",bull
t3_0065045,09/06/2021,GME,"watching $GME closely, could go either way 👀",bear
t3_0004259,15/01/2021,GME,"$GME is overvalued, this bubble will pop hard",bear
t3_0139916,18/06/2021,AMC,idk man AMC is doing AMC things,bear
t3_0134887,09/06/2021,AMC,"hold $AMC, never selling, this is the way",bull
t3_0140464,24/06/2021,AMC,AMC 🚀🚀 puts and calls and whatever idk,neu
t3_0065863,11/06/2021,GME,"$GME chart looks crazy, anyone else seeing this",bull
t3_0014298,22/01/2021,GME,GME to the moon 🚀🚀 diamond hands hold the line,bull
t3_0063312,02/06/2021,GME,"GME moving a lot, volume is insane rn",bull
t3_0000112,04/01/2021,GME,"GME moving a lot, volume is insane rn",neu
t3_0030835,12/02/2021,GME,what do you guys think about GME earnings next week,neu
t3_0069870,18/06/2021,GME,"$GME going back to single digits, bearish af",bear
t3_0009849,22/01/2021,GME,"GME is wild today, no idea where this goes",bull
t3_0133959,09/06/2021,AMC,check this https://t.co/abc123 not financial advice,neu
t3_0029351,09/02/2021,GME,diamond hands on GME? more like paper hands incoming,bear
t3_0063164,01/06/2021,GME,"watching $GME closely, could go either way 👀",bear
t3_0056203,05/05/2021,GME,"GME is wild today, no idea where this goes",neu
t3_0069674,17/06/2021,GME,"$GME chart looks crazy, anyone else seeing this",bear
t3_0139331,16/06/2021,AMC,"shorting $AMC here, fundamentals are trash",bear
t3_0082160,23/07/2021,GME,"GME is wild today, no idea where this goes",bear
t3_0079792,14/07/2021,GME,"shorting $GME here, fundamentals are trash",bear
t3_0084684,04/08/2021,GME,"$GME moon dump moon dump, pick one already",neu
t3_0037736,08/03/2021,GME,"$GME again huh, this sub never sleeps",bull
t3_0093417,15/01/2021,AMC,"$AMC breaking resistance, tendies on the way 🤑",bull
t3_0097002,15/02/2021,AMC,"$AMC again huh, this sub never sleeps",bear
t3_0073290,28/06/2021,GME,$GME to the moon 🚀 said the bagholder before the dump,bear
t3_0083437,29/07/2021,GME,GME 🚀🚀 puts and calls and whatever idk,neu
t3_0132259,09/06/2021,AMC,anyone have the AMC float numbers handy,neu
t3_0102839,26/03/2021,AMC,"$AMC chart looks crazy, anyone else seeing this",neu
t3_0024635,29/01/2021,GME,idk man GME is doing GME things,bull
t3_0089560,27/08/2021,GME,"neutral on GME, waiting for a clearer signal",neu
t3_0089200,25/08/2021,GME,is $GME still being talked about here? asking,neu
t3_0109336,18/05/2021,AMC,buy the dip they said... AMC keeps dipping 📉,bear
t3_0123639,08/06/2021,AMC,AMC is trash but im holding anyway lmao 💎🙌,bull
t3_0084281,03/08/2021,GME,"this GME pump is fake, insiders dumping on retail",bear
t3_0034477,24/02/2021,GME,"GME is wild today, no idea where this goes",bull
t3_0089760,27/08/2021,GME,"$GME again huh, this sub never sleeps",bull
t3_0130351,08/06/2021,AMC,"$AMC breaking resistance, tendies on the way 🤑",bull
t3_0020555,27/01/2021,GME,idk man GME is doing GME things,neu
t3_0032068,16/02/2021,GME,is $GME still being talked about here? asking,neu
t3_0136675,09/06/2021,AMC,"$AMC chart looks crazy, anyone else seeing this",bull
t3_0008555,22/01/2021,GME,"hold $GME, never selling, this is the way",bull
t3_0085766,11/08/2021,GME,"everyone says sell GME, so obviously i bought more",bull
t3_0139136,15/06/2021,AMC,"watching $AMC closely, could go either way 👀",bear
t3_0080353,15/07/2021,GME,"watching $GME closely, could go either way 👀",bear
t3_0055041,28/04/2021,GME,what do you guys think about GME earnings next week,neu
t3_0059594,19/05/2021,GME,"$GME options chain looks thin, low IV today",neu
t3_0074086,28/06/2021,GME,"$GME again huh, this sub never sleeps",bear
t3_0140103,21/06/2021,AMC,"$AMC chart looks crazy, anyone else seeing this",neu
t3_0089566,27/08/2021,GME,diamond hands on GME? more like paper hands incoming,bear
t3_0105168,07/04/2021,AMC,"$AMC moon dump moon dump, pick one already",neu
t3_0051493,13/04/2021,GME,"holding a small GME position, watching for now",neu
t3_0021457,27/01/2021,GME,anyone have the GME float numbers handy,neu
t3_0074158,28/06/2021,GME,"watching $GME closely, could go either way 👀",bear
t3_0092494,11/01/2021,AMC,any DD on $AMC? new to this stock,neu
t3_0074570,29/06/2021,GME,"watching $GME closely, could go either way 👀",bear
t3_0113466,01/06/2021,AMC,AMC is trash but im holding anyway lmao 💎🙌,bull
t3_0091019,31/08/2021,GME,"shorting $GME here, fundamentals are trash",bear
t3_0070094,18/06/2021,GME,$GME to the moon 🚀 said the bagholder before the dump,bear
t3_0099974,02/03/2021,AMC,AMC 🚀🚀 puts and calls and whatever idk,neu
t3_0005016,15/01/2021,GME,"$GME going back to single digits, bearish af",bear
t3_0051322,12/04/2021,GME,"$GME chart looks crazy, anyone else seeing this",bear
t3_0086833,16/08/2021,GME,anyone have the GME float numbers handy,neu
t3_0008677,22/01/2021,GME,"loaded up on GME today, apes together strong 🦍",bull
t3_0036232,02/03/2021,GME,idk man GME is doing GME things,bull
t3_0016784,25/01/2021,GME,"buying more $GME calls, this short squeeze is just starting",bull
t3_0066454,11/06/2021,GME,"$GME again huh, this sub never sleeps",bull
t3_0053064,20/04/2021,GME,"$GME moon dump moon dump, pick one already",neu
t3_0021764,28/01/2021,GME,GME is trash but im holding anyway lmao 💎🙌,bull
t3_0099980,02/03/2021,AMC,"this AMC pump is fake, insiders dumping on retail",bear
t3_0034742,24/02/2021,GME,"hold $GME, never selling, this is the way",bull
t3_0137600,10/06/2021,AMC,$AMC going to zero... TO THE MOON 🚀 (im not selling),bull
t3_0075328,30/06/2021,GME,idk man GME is doing GME things,bear
t3_0058765,17/05/2021,GME,"$GME going back to single digits, bearish af",bear
t3_0030189,11/02/2021,GME,"closed my GME position, momentum is gone",bear
t3_0040643,09/03/2021,GME,"$GME chart looks crazy, anyone else seeing this",bull
t3_0058334,13/05/2021,GME,"GME volume looks normal today, sideways action",neu
t3_0103448,29/03/2021,AMC,"$AMC moon dump moon dump, pick one already",neu
t3_0041946,10/03/2021,GME,"$GME chart looks crazy, anyone else seeing this",bear
t3_0126587,08/06/2021,AMC,"watching $AMC closely, could go either way 👀",bull
t3_0091039,31/08/2021,GME,"$GME again huh, this sub never sleeps",bear
t3_0020386,27/01/2021,GME,"$GME again huh, this sub never sleeps",bull
t3_0106791,23/04/2021,AMC,"watching $AMC closely, could go either way 👀",bear
t3_0142480,09/07/2021,AMC,"AMC bagholders about to get wrecked, short it",bear
t3_0025137,29/01/2021,GME,"$GME chart looks crazy, anyone else seeing this",bull
t3_0134214,09/06/2021,AMC,"AMC is wild today, no idea where this goes",bull
t3_0070664,23/06/2021,GME,is $GME still being talked about here? asking,neu
t3_0080483,15/07/2021,GME,"shorting $GME here, fundamentals are trash",bear
t3_0027612,03/02/2021,GME,"$GME gamma squeeze incoming, hedgies are done. YOLO 100k",bull
t3_0031933,16/02/2021,GME,idk man GME is doing GME things,bear
t3_0104307,02/04/2021,AMC,idk man AMC is doing AMC things,bear
t3_0074552,29/06/2021,GME,"$GME again huh, this sub never sleeps",bear
t3_0095370,03/02/2021,AMC,"watching $AMC closely, could go either way 👀",neu
t3_0126366,08/06/2021,AMC,"$AMC again huh, this sub never sleeps",bull
t3_0018653,26/01/2021,GME,GME to the moon 🚀🚀 diamond hands hold the line,bull
t3_0023344,28/01/2021,GME,idk man GME is doing GME things,bull
t3_0038589,08/03/2021,GME,"$GME gamma squeeze incoming, hedgies are done. YOLO 100k",bull
t3_0029716,11/02/2021,GME,GME is trash but im holding anyway lmao 💎🙌,bull
t3_0102799,26/03/2021,AMC,idk man AMC is doing AMC things,neu
t3_0046770,02/04/2021,GME,"GME volume looks normal today, sideways action",neu
t3_0039546,09/03/2021,GME,"$GME again huh, this sub never sleeps",bull
t3_0100317,05/03/2021,AMC,"sold all my $AMC, taking profits before the dump",bear
t3_0007411,19/01/2021,GME,"$GME chart looks crazy, anyone else seeing this",bear
t3_0111608,31/05/2021,AMC,"$AMC gamma squeeze incoming, hedgies are done. YOLO 100k",bull
t3_0143210,19/07/2021,AMC,is $AMC still being talked about here? asking,neu
t3_0034727,24/02/2021,GME,"GME bagholders about to get wrecked, short it",bear
t3_0103620,31/03/2021,AMC,$AMC to the moon 🚀 said the bagholder before the dump,bear
t3_0096019,09/02/2021,AMC,"watching $AMC closely, could go either way 👀",bear
t3_0062435,31/05/2021,GME,diamond hands on GME? more like paper hands incoming,bear
t3_0092566,11/01/2021,AMC,idk man AMC is doing AMC things,neu
t3_0052283,16/04/2021,GME,"hold $GME, never selling, this is the way",bull
t3_0111424,31/05/2021,AMC,AMC is trash but im holding anyway lmao 💎🙌,bull
t3_0078335,07/07/2021,GME,"GME is wild today, no idea where this goes",bear
t3_0103547,30/03/2021,AMC,"$AMC chart looks crazy, anyone else seeing this",bear
t3_0052044,15/04/2021,GME,"$GME breaking resistance, tendies on the way 🤑",bull
t3_0003738,14/01/2021,GME,diamond hands on GME? more like paper hands incoming,bear
t3_0036158,02/03/2021,GME,$GME going to zero... TO THE MOON 🚀 (im not selling),bull
t3_0027825,04/02/2021,GME,"loaded up on GME today, apes together strong 🦍",bull
t3_0100482,08/03/2021,AMC,"BB big buy on everything, no ticker here",neu
t3_0033846,22/02/2021,GME,"$GME moon dump moon dump, pick one already",neu
t3_0102784,26/03/2021,AMC,"$AMC chart looks crazy, anyone else seeing this",bear
t3_0099522,25/02/2021,AMC,"AMC moving a lot, volume is insane rn",neu
t3_0035148,25/02/2021,GME,"$GME gamma squeeze incoming, hedgies are done. YOLO 100k",bull
t3_0084724,05/08/2021,GME,"neutral on GME, waiting for a clearer signal",neu
t3_0135031,09/06/2021,AMC,"$AMC again huh, this sub never sleeps",bull
t3_0081285,20/07/2021,GME,$GME to the moon 🚀 said the bagholder before the dump,bear
t3_0063808,04/06/2021,GME,"$GME moon dump moon dump, pick one already",neu
t3_0131498,09/06/2021,AMC,"AMC is wild today, no idea where this goes",bull
t3_0038053,08/03/2021,GME,"GME moving a lot, volume is insane rn",bull
t3_0001167,07/01/2021,GME,check this https://t.co/abc123 not financial advice,neu
t3_0085009,06/08/2021,GME,"$GME chart looks crazy, anyone else seeing this",bear
t3_0084988,06/08/2021,GME,"$GME chart looks crazy, anyone else seeing this",neu
t3_0137183,10/06/2021,AMC,$AMC going to zero... TO THE MOON 🚀 (im not selling),bull
t3_0031625,16/02/2021,GME,"$GME chart looks crazy, anyone else seeing this",bear
t3_0146631,23/08/2021,AMC,"$AMC moon dump moon dump, pick one already",neu
t3_0085431,10/08/2021,GME,check this https://t.co/abc123 not financial advice,neu
t3_0006046,18/01/2021,GME,idk man GME is doing GME things,bear
t3_0142758,14/07/2021,AMC,"neutral on AMC, waiting for a clearer signal",neu
t3_0064073,04/06/2021,GME,lol GME just game me some tendies bro 😂,neu
t3_0058501,14/05/2021,GME,"shorting $GME here, fundamentals are trash",bear
t3_0053731,22/04/2021,GME,"shorting $GME here, fundamentals are trash",bear
t3_0071151,25/06/2021,GME,"this GME pump is fake, insiders dumping on retail",bear
t3_0124588,08/06/2021,AMC,we like the stock 💎🙌 $AMC price target 500 easy,bull
t3_0103234,26/03/2021,AMC,buy the dip they said... AMC keeps dipping 📉,bear
t3_0113310,01/06/2021,AMC,"watching $AMC closely, could go either way 👀",neu
t3_0059020,18/05/2021,GME,"$GME chart looks crazy, anyone else seeing this",bear
t3_0036505,02/03/2021,GME,GME 🚀🚀 puts and calls and whatever idk,neu
t3_0073631,28/06/2021,GME,GME 🚀🚀 puts and calls and whatever idk,neu
t3_0007391,19/01/2021,GME,"BB big buy on everything, no ticker here",neu
t3_0071914,25/06/2021,GME,"$GME options chain looks thin, low IV today",neu
t3_0143314,19/07/2021,AMC,what do you guys think about AMC earnings next week,neu
t3_0134822,09/06/2021,AMC,"everyone says sell AMC, so obviously i bought more",bull
t3_0023143,28/01/2021,GME,"GME moving a lot, volume is insane rn",bull
t3_0111236,31/05/2021,AMC,"$AMC gamma squeeze incoming, hedgies are done. YOLO 100k",bull
t3_0092065,05/01/2021,AMC,"$AMC moon dump moon dump, pick one already",neu
t3_0109299,18/05/2021,AMC,"holding a small AMC position, watching for now",neu
t3_0064349,07/06/2021,GME,GME to the moon 🚀🚀 diamond hands hold the line,bull
t3_0018571,26/01/2021,GME,"loaded up on GME today, apes together strong 🦍",bull
t3_0110214,27/05/2021,AMC,check this https://t.co/abc123 not financial advice,neu
t3_0116639,03/06/2021,AMC,🚀🚀🚀🚀🚀🚀 wen lambo 🦍🦍 to the mooooooon,neu
t3_0033363,19/02/2021,GME,"GME is wild today, no idea where this goes",neu
t3_0006530,18/01/2021,GME,"GME moving a lot, volume is insane rn",bear
t3_0037307,05/03/2021,GME,anyone have the GME float numbers handy,neu
t3_0077744,06/07/2021,GME,"shorting $GME here, fundamentals are trash",bear
t3_0129348,08/06/2021,AMC,"BB big buy on everything, no ticker here",neu
t3_0081702,21/07/2021,GME,"watching $GME closely, could go either way 👀",neu
t3_0085601,11/08/2021,GME,idk man GME is doing GME things,bull
t3_0096136,10/02/2021,AMC,$AMC to the moon 🚀 said the bagholder before the dump,bear
t3_0076918,02/07/2021,GME,🚀🚀🚀🚀🚀🚀 wen lambo 🦍🦍 to the mooooooon,neu
t3_0139747,17/06/2021,AMC,any DD on $AMC? new to this stock,neu
t3_0072036,25/06/2021,GME,"$GME is overvalued, this bubble will pop hard",bear
t3_0145753,13/08/2021,AMC,lol GME just game me some tendies bro 😂,neu
t3_0104678,05/04/2021,AMC,"shorting $AMC here, fundamentals are trash",bear
t3_0013798,22/01/2021,GME,check this https://t.co/abc123 not financial advice,neu
t3_0099796,01/03/2021,AMC,AMC 🚀🚀 puts and calls and whatever idk,neu
t3_0002119,14/01/2021,GME,"$GME is overvalued, this bubble will pop hard",bear
t3_0100231,04/03/2021,AMC,"$AMC again huh, this sub never sleeps",neu
t3_0060041,24/05/2021,GME,what do you guys think about GME earnings next week,neu
t3_0128838,08/06/2021,AMC,"all in on AMC leaps, retail is winning this one",bull
t3_0023420,28/01/2021,GME,"GME is wild today, no idea where this goes",bull
t3_0058053,13/05/2021,GME,"watching $GME closely, could go either way 👀",neu
t3_0008918,22/01/2021,GME,"$GME again huh, this sub never sleeps",bull
t3_0050454,09/04/2021,GME,diamond hands on GME? more like paper hands incoming,bear
t3_0113282,01/06/2021,AMC,"all in on AMC leaps, retail is winning this one",bull
t3_0065362,09/06/2021,GME,"$GME moon dump moon dump, pick one already",neu
t3_0146836,25/08/2021,AMC,"closed my AMC position, momentum is gone",bear
t3_0094899,28/01/2021,AMC,we like the stock 💎🙌 $AMC price target 500 easy,bull
t3_0067464,14/06/2021,GME,"$GME chart looks crazy, anyone else seeing this",neu
t3_0086004,11/08/2021,GME,"$GME chart looks crazy, anyone else seeing this",bull
t3_0016719,25/01/2021,GME,"hold $GME, never selling, this is the way",bull
t3_0037275,05/03/2021,GME,"watching $GME closely, could go either way 👀",bull
t3_0082894,27/07/2021,GME,buy the dip they said... GME keeps dipping 📉,bear
t3_0071021,24/06/2021,GME,"GME moving a lot, volume is insane rn",bull
t3_0075416,30/06/2021,GME,"GME bagholders about to get wrecked, short it",bear
t3_0024939,29/01/2021,GME,"loaded up on GME today, apes together strong 🦍",bull
t3_0144622,02/08/2021,AMC,$AMC going to zero... TO THE MOON 🚀 (im not selling),bull
t3_0143172,16/07/2021,AMC,"watching $AMC closely, could go either way 👀",bear
t3_0047284,05/04/2021,GME,buy the dip they said... GME keeps dipping 📉,bear
t3_0100265,04/03/2021,AMC,"watching $AMC closely, could go either way 👀",neu
t3_0074187,28/06/2021,GME,"watching $GME closely, could go either way 👀",bear
t3_0042351,10/03/2021,GME,"all in on GME leaps, retail is winning this one",bull
t3_0092021,04/01/2021,AMC,"$AMC chart looks crazy, anyone else seeing this",neu
t3_0063014,01/06/2021,GME,$GME to the moon 🚀 said the bagholder before the dump,bear
t3_0146866,25/08/2021,AMC,"puts on AMC, the squeeze is over, dead cat bounce",bear
t3_0121648,07/06/2021,AMC,"AMC is wild today, no idea where this goes",bull
t3_0145698,13/08/2021,AMC,"holding a small AMC position, watching for now",neu
t3_0019099,26/01/2021,GME,GME is trash but im holding anyway lmao 💎🙌,bull
t3_0094824,28/01/2021,AMC,"watching $AMC closely, could go either way 👀",neu
t3_0143701,22/07/2021,AMC,"watching $AMC closely, could go either way 👀",neu
t3_0046315,31/03/2021,GME,"GME moving a lot, volume is insane rn",neu
t3_0137970,10/06/2021,AMC,anyone have the AMC float numbers handy,neu
t3_0147587,27/08/2021,AMC,"AMC moving a lot, volume is insane rn",bear
t3_0059468,19/05/2021,GME,GME 🚀🚀 puts and calls and whatever idk,neu
t3_0075983,01/07/2021,GME,idk man GME is doing GME things,bear
t3_0023630,28/01/2021,GME,diamond hands on GME? more like paper hands incoming,bear
t3_0147524,27/08/2021,AMC,"puts on AMC, the squeeze is over, dead cat bounce",bear
t3_0103458,29/03/2021,AMC,"watching $AMC closely, could go either way 👀",bear
t3_0071829,25/06/2021,GME,"GME bagholders about to get wrecked, short it",bear
t3_0004061,15/01/2021,GME,"$GME again huh, this sub never sleeps",bear
t3_0020914,27/01/2021,GME,"loaded up on GME today, apes together strong 🦍",bull
t3_0140520,24/06/2021,AMC,"puts on AMC, the squeeze is over, dead cat bounce",bear
t3_0014915,22/01/2021,GME,"$GME breaking resistance, tendies on the way 🤑",bull
t3_0020097,27/01/2021,GME,idk man GME is doing GME things,neu
t3_0075944,01/07/2021,GME,"this GME pump is fake, insiders dumping on retail",bear
t3_0000406,06/01/2021,GME,buy the dip they said... GME keeps dipping 📉,bear
t3_0141912,05/07/2021,AMC,diamond hands on AMC? more like paper hands incoming,bear
t3_0100049,02/03/2021,AMC,"BB big buy on everything, no ticker here",neu
t3_0094901,28/01/2021,AMC,"neutral on AMC, waiting for a clearer signal",neu
t3_0094890,28/01/2021,AMC,"$AMC breaking resistance, tendies on the way 🤑",bull
t3_0004941,15/01/2021,GME,"watching $GME closely, could go either way 👀",neu
t3_0022538,28/01/2021,GME,idk man GME is doing GME things,bull
t3_0096966,15/02/2021,AMC,"$AMC going back to single digits, bearish af",bear
t3_0066447,11/06/2021,GME,🚀🚀🚀🚀🚀🚀 wen lambo 🦍🦍 to the mooooooon,neu
t3_0015048,22/01/2021,GME,"$GME breaking resistance, tendies on the way 🤑",bull
t3_0009751,22/01/2021,GME,"neutral on GME, waiting for a clearer signal",neu
t3_0055682,03/05/2021,GME,"watching $GME closely, could go either way 👀",bear
t3_0124602,08/06/2021,AMC,AMC to the moon 🚀🚀 diamond hands hold the line,bull
t3_0081984,23/07/2021,GME,"$GME again huh, this sub never sleeps",bear
t3_0029030,09/02/2021,GME,"puts on GME, the squeeze is over, dead cat bounce",bear
t3_0116704,03/06/2021,AMC,"AMC moving a lot, volume is insane rn",neu
t3_0005915,18/01/2021,GME,"BB big buy on everything, no ticker here",neu
t3_0142042,07/07/2021,AMC,"BB big buy on everything, no ticker here",neu
t3_0116175,03/06/2021,AMC,$AMC going to zero... TO THE MOON 🚀 (im not selling),bull
t3_0134261,09/06/2021,AMC,"AMC is wild today, no idea where this goes",bull
t3_0138428,11/06/2021,AMC,"AMC is wild today, no idea where this goes",bull
t3_0117280,04/06/2021,AMC,"AMC moving a lot, volume is insane rn",bull
t3_0103650,31/03/2021,AMC,"$AMC moon dump moon dump, pick one already",neu
t3_0024610,29/01/2021,GME,GME to the moon 🚀🚀 diamond hands hold the line,bull
t3_0064913,09/06/2021,GME,"BB big buy on everything, no ticker here",neu
t3_0058988,18/05/2021,GME,"GME moving a lot, volume is insane rn",bear
t3_0132946,09/06/2021,AMC,"hold $AMC, never selling, this is the way",bull
t3_0055750,03/05/2021,GME,we like the stock 💎🙌 $GME price target 500 easy,bull
t3_0005463,18/01/2021,GME,diamond hands on GME? more like paper hands incoming,bear
t3_0007573,19/01/2021,GME,idk man GME is doing GME things,bear
t3_0044946,22/03/2021,GME,"GME moving a lot, volume is insane rn",bear
t3_0033800,19/02/2021,GME,"$GME gamma squeeze incoming, hedgies are done. YOLO 100k",bull
t3_0049565,08/04/2021,GME,idk man GME is doing GME things,bear
t3_0120930,07/06/2021,AMC,"watching $AMC closely, could go either way 👀",bull
t3_0040787,09/03/2021,GME,"loaded up on GME today, apes together strong 🦍",bull
t3_0077202,02/07/2021,GME,"puts on GME, the squeeze is over, dead cat bounce",bear
t3_0073747,28/06/2021,GME,buy the dip they said... GME keeps dipping 📉,bear
t3_0140962,28/06/2021,AMC,"$AMC again huh, this sub never sleeps",neu
t3_0006449,18/01/2021,GME,"puts on GME, the squeeze is over, dead cat bounce",bear
t3_0093158,13/01/2021,AMC,AMC 🚀🚀 puts and calls and whatever idk,neu
t3_0036729,03/03/2021,GME,"watching $GME closely, could go either way 👀",neu
t3_0053200,20/04/2021,GME,buy the dip they said... GME keeps dipping 📉,bear
t3_0055481,30/04/2021,GME,"GME moving a lot, volume is insane rn",neu
t3_0028260,05/02/2021,GME,"puts on GME, the squeeze is over, dead cat bounce",bear
t3_0105313,09/04/2021,AMC,"shorting $AMC here, fundamentals are trash",bear
t3_0144673,02/08/2021,AMC,"$AMC breaking resistance, tendies on the way 🤑",bull
t3_0079595,13/07/2021,GME,"everyone says sell GME, so obviously i bought more",bull
t3_0106954,26/04/2021,AMC,"holding a small AMC position, watching for now",neu
t3_0074583,29/06/2021,GME,"this GME pump is fake, insiders dumping on retail",bear
t3_0134525,09/06/2021,AMC,we like the stock 💎🙌 $AMC price target 500 easy,bull
t3_0056636,06/05/2021,GME,"neutral on GME, waiting for a clearer signal",neu
t3_0065868,11/06/2021,GME,we like the stock 💎🙌 $GME price target 500 easy,bull
